-- INSERTS FOR DEPARTMENT
INSERT INTO Department (department_code, name, description, number_of_beds, building_floor, building, department_head_AMKA) 
VALUES (66, 'Emergency department', 'Specializes in emergency medical care', 250, 3, 'Emergency department Building', NULL);
INSERT INTO Department (department_code, name, description, number_of_beds, building_floor, building, department_head_AMKA) 
VALUES (53, 'Intensive care unit', 'Specializes in ICU', 250, 4, 'Intensive care unit Building', NULL);
INSERT INTO Department (department_code, name, description, number_of_beds, building_floor, building, department_head_AMKA) 
VALUES (16, 'Medical-surgical', 'Specializes in medical-surgical care', 250, 4, 'Medical-surgical Building', NULL);
INSERT INTO Department (department_code, name, description, number_of_beds, building_floor, building, department_head_AMKA) 
VALUES (36, 'Pediatrics', 'Specializes in pediatric care', 250, 1, 'Pediatrics Building', NULL);
INSERT INTO Department (department_code, name, description, number_of_beds, building_floor, building, department_head_AMKA) 
VALUES (96, 'Oncology', 'Specializes in oncology care', 250, 4, 'Oncology Building', NULL);
INSERT INTO Department (department_code, name, description, number_of_beds, building_floor, building, department_head_AMKA) 
VALUES (35, 'Cardiology', 'Specializes in cardiology care', 250, 4, 'Cardiology Building', NULL);
INSERT INTO Department (department_code, name, description, number_of_beds, building_floor, building, department_head_AMKA)
 VALUES (10, 'Radiology', 'Specializes in radiology care', 250, 3, 'Radiology Building', NULL);
INSERT INTO Department (department_code, name, description, number_of_beds, building_floor, building, department_head_AMKA) 
VALUES (65, 'Laboratory services', 'Specializes in laboratory services', 250, 3, 'Laboratory services Building', NULL);
INSERT INTO Department (department_code, name, description, number_of_beds, building_floor, building, department_head_AMKA) 
VALUES (62, 'Pharmacy', 'Specializes in pharmacy care', 250, 4, 'Pharmacy Building', NULL);
INSERT INTO Department (department_code, name, description, number_of_beds, building_floor, building, department_head_AMKA) 
VALUES (22, 'Rehabilitation', 'Specializes in rehabilitation care', 250, 3, 'Rehabilitation Building', NULL);
INSERT INTO Department (department_code, name, description, number_of_beds, building_floor, building, department_head_AMKA) 
VALUES (68, 'Psychiatry', 'Specializes in psychiatry care', 250, 3, 'Psychiatry Building', NULL);
INSERT INTO Department (department_code, name, description, number_of_beds, building_floor, building, department_head_AMKA) 
VALUES (92, 'Dermatology', 'Specializes in dermatology care', 250, 3, 'Dermatology Building', NULL);
INSERT INTO Department (department_code, name, description, number_of_beds, building_floor, building, department_head_AMKA) 
VALUES (40, 'Gynaecology', 'Specializes in gynaecology care', 250, 1, 'Gynaecology Building', NULL);
INSERT INTO Department (department_code, name, description, number_of_beds, building_floor, building, department_head_AMKA) 
VALUES (1, 'Pathology', 'Specializes in pathology care', 250, 1, 'Pathology Building', NULL);
INSERT INTO Department (department_code, name, description, number_of_beds, building_floor, building, department_head_AMKA) 
VALUES (58, 'Ophthalmology', 'Specializes in ophthalmology care', 250, 2, 'Ophthalmology Building', NULL);


-- INSERTS FOR OPERATION ROOM
INSERT INTO Operation_room (room_number, room_type)  VALUES ('101', 'Χειρουργείο');
INSERT INTO Operation_room (room_number, room_type)  VALUES ('102', 'Χειρουργείο');
INSERT INTO Operation_room (room_number, room_type)  VALUES ('103', 'Χειρουργείο');
INSERT INTO Operation_room (room_number, room_type)  VALUES ('104', 'Χειρουργείο');
INSERT INTO Operation_room (room_number, room_type)  VALUES ('105', 'Χειρουργείο');
INSERT INTO Operation_room (room_number, room_type)  VALUES ('201','Αίθουσα Επεμβάσεων');
INSERT INTO Operation_room (room_number, room_type)  VALUES ('202','Αίθουσα Επεμβάσεων');
INSERT INTO Operation_room (room_number, room_type)  VALUES ('203','Αίθουσα Επεμβάσεων');
INSERT INTO Operation_room (room_number, room_type)  VALUES ('204','Αίθουσα Επεμβάσεων');
INSERT INTO Operation_room (room_number, room_type)  VALUES ('205','Αίθουσα Επεμβάσεων');

-- INSERTS FOR BEDS (USING PYTHON SCRIPT)
-- Beds
INSERT INTO Beds (type, status, department_code) VALUES ('Intensive Care Unit', 'Available', 66);
INSERT INTO Beds (type, status, department_code) VALUES ('Ward Room', 'Available', 53);
INSERT INTO Beds (type, status, department_code) VALUES ('Private Room', 'Occupied', 16);
INSERT INTO Beds (type, status, department_code) VALUES ('Semi-Private Room', 'Available', 36);
INSERT INTO Beds (type, status, department_code) VALUES ('Isolation Room', 'Under Maintenance', 96);
INSERT INTO Beds (type, status, department_code) VALUES ('Intensive Care Unit', 'Available', 35);
INSERT INTO Beds (type, status, department_code) VALUES ('Ward Room', 'Available', 10);
INSERT INTO Beds (type, status, department_code) VALUES ('Private Room', 'Available', 65);
INSERT INTO Beds (type, status, department_code) VALUES ('Semi-Private Room', 'Available', 62);
INSERT INTO Beds (type, status, department_code) VALUES ('Isolation Room', 'Available', 22);
INSERT INTO Beds (type, status, department_code) VALUES ('Intensive Care Unit', 'Available', 68);
INSERT INTO Beds (type, status, department_code) VALUES ('Ward Room', 'Available', 92);
INSERT INTO Beds (type, status, department_code) VALUES ('Private Room', 'Available', 40);
INSERT INTO Beds (type, status, department_code) VALUES ('Semi-Private Room', 'Available', 1);
INSERT INTO Beds (type, status, department_code) VALUES ('Isolation Room', 'Under Maintenance', 58);
INSERT INTO Beds (type, status, department_code) VALUES ('Intensive Care Unit', 'Available', 66);
INSERT INTO Beds (type, status, department_code) VALUES ('Ward Room', 'Available', 53);
INSERT INTO Beds (type, status, department_code) VALUES ('Private Room', 'Available', 16);
INSERT INTO Beds (type, status, department_code) VALUES ('Semi-Private Room', 'Available', 36);
INSERT INTO Beds (type, status, department_code) VALUES ('Isolation Room', 'Available', 96);
INSERT INTO Beds (type, status, department_code) VALUES ('Intensive Care Unit', 'Available', 35);
INSERT INTO Beds (type, status, department_code) VALUES ('Ward Room', 'Available', 10);
INSERT INTO Beds (type, status, department_code) VALUES ('Private Room', 'Available', 65);
INSERT INTO Beds (type, status, department_code) VALUES ('Semi-Private Room', 'Under Maintenance', 62);
INSERT INTO Beds (type, status, department_code) VALUES ('Isolation Room', 'Available', 22);
INSERT INTO Beds (type, status, department_code) VALUES ('Intensive Care Unit', 'Available', 68);
INSERT INTO Beds (type, status, department_code) VALUES ('Ward Room', 'Available', 92);
INSERT INTO Beds (type, status, department_code) VALUES ('Private Room', 'Available', 40);
INSERT INTO Beds (type, status, department_code) VALUES ('Semi-Private Room', 'Available', 1);
INSERT INTO Beds (type, status, department_code) VALUES ('Isolation Room', 'Available', 58);
INSERT INTO Beds (type, status, department_code) VALUES ('Intensive Care Unit', 'Available', 66);
INSERT INTO Beds (type, status, department_code) VALUES ('Ward Room', 'Available', 53);
INSERT INTO Beds (type, status, department_code) VALUES ('Private Room', 'Available', 16);
INSERT INTO Beds (type, status, department_code) VALUES ('Semi-Private Room', 'Available', 36);
INSERT INTO Beds (type, status, department_code) VALUES ('Isolation Room', 'Occupied', 96);
INSERT INTO Beds (type, status, department_code) VALUES ('Intensive Care Unit', 'Available', 35);
INSERT INTO Beds (type, status, department_code) VALUES ('Ward Room', 'Available', 10);
INSERT INTO Beds (type, status, department_code) VALUES ('Private Room', 'Available', 65);
INSERT INTO Beds (type, status, department_code) VALUES ('Semi-Private Room', 'Available', 62);
INSERT INTO Beds (type, status, department_code) VALUES ('Isolation Room', 'Available', 22);
INSERT INTO Beds (type, status, department_code) VALUES ('Intensive Care Unit', 'Available', 68);
INSERT INTO Beds (type, status, department_code) VALUES ('Ward Room', 'Available', 92);
INSERT INTO Beds (type, status, department_code) VALUES ('Private Room', 'Available', 40);
INSERT INTO Beds (type, status, department_code) VALUES ('Semi-Private Room', 'Available', 1);
INSERT INTO Beds (type, status, department_code) VALUES ('Isolation Room', 'Available', 58);
INSERT INTO Beds (type, status, department_code) VALUES ('Intensive Care Unit', 'Available', 66);
INSERT INTO Beds (type, status, department_code) VALUES ('Ward Room', 'Available', 53);
INSERT INTO Beds (type, status, department_code) VALUES ('Private Room', 'Available', 16);
INSERT INTO Beds (type, status, department_code) VALUES ('Semi-Private Room', 'Available', 36);
INSERT INTO Beds (type, status, department_code) VALUES ('Isolation Room', 'Available', 96);
INSERT INTO Beds (type, status, department_code) VALUES ('Intensive Care Unit', 'Available', 35);
INSERT INTO Beds (type, status, department_code) VALUES ('Ward Room', 'Available', 10);
INSERT INTO Beds (type, status, department_code) VALUES ('Private Room', 'Available', 65);
INSERT INTO Beds (type, status, department_code) VALUES ('Semi-Private Room', 'Available', 62);
INSERT INTO Beds (type, status, department_code) VALUES ('Isolation Room', 'Available', 22);
INSERT INTO Beds (type, status, department_code) VALUES ('Intensive Care Unit', 'Available', 68);
INSERT INTO Beds (type, status, department_code) VALUES ('Ward Room', 'Available', 92);
INSERT INTO Beds (type, status, department_code) VALUES ('Private Room', 'Available', 40);
INSERT INTO Beds (type, status, department_code) VALUES ('Semi-Private Room', 'Available', 1);
INSERT INTO Beds (type, status, department_code) VALUES ('Isolation Room', 'Available', 58);
INSERT INTO Beds (type, status, department_code) VALUES ('Intensive Care Unit', 'Available', 66);
INSERT INTO Beds (type, status, department_code) VALUES ('Ward Room', 'Available', 53);
INSERT INTO Beds (type, status, department_code) VALUES ('Private Room', 'Available', 16);
INSERT INTO Beds (type, status, department_code) VALUES ('Semi-Private Room', 'Available', 36);
INSERT INTO Beds (type, status, department_code) VALUES ('Isolation Room', 'Available', 96);
INSERT INTO Beds (type, status, department_code) VALUES ('Intensive Care Unit', 'Available', 35);
INSERT INTO Beds (type, status, department_code) VALUES ('Ward Room', 'Available', 10);
INSERT INTO Beds (type, status, department_code) VALUES ('Private Room', 'Under Maintenance', 65);
INSERT INTO Beds (type, status, department_code) VALUES ('Semi-Private Room', 'Available', 62);
INSERT INTO Beds (type, status, department_code) VALUES ('Isolation Room', 'Available', 22);
INSERT INTO Beds (type, status, department_code) VALUES ('Intensive Care Unit', 'Available', 68);
INSERT INTO Beds (type, status, department_code) VALUES ('Ward Room', 'Available', 92);
INSERT INTO Beds (type, status, department_code) VALUES ('Private Room', 'Available', 40);
INSERT INTO Beds (type, status, department_code) VALUES ('Semi-Private Room', 'Available', 1);
INSERT INTO Beds (type, status, department_code) VALUES ('Isolation Room', 'Available', 58);
INSERT INTO Beds (type, status, department_code) VALUES ('Intensive Care Unit', 'Available', 66);
INSERT INTO Beds (type, status, department_code) VALUES ('Ward Room', 'Available', 53);
INSERT INTO Beds (type, status, department_code) VALUES ('Private Room', 'Available', 16);
INSERT INTO Beds (type, status, department_code) VALUES ('Semi-Private Room', 'Available', 36);
INSERT INTO Beds (type, status, department_code) VALUES ('Isolation Room', 'Available', 96);
INSERT INTO Beds (type, status, department_code) VALUES ('Intensive Care Unit', 'Available', 35);
INSERT INTO Beds (type, status, department_code) VALUES ('Ward Room', 'Available', 10);
INSERT INTO Beds (type, status, department_code) VALUES ('Private Room', 'Occupied', 65);
INSERT INTO Beds (type, status, department_code) VALUES ('Semi-Private Room', 'Available', 62);
INSERT INTO Beds (type, status, department_code) VALUES ('Isolation Room', 'Available', 22);
INSERT INTO Beds (type, status, department_code) VALUES ('Intensive Care Unit', 'Available', 68);
INSERT INTO Beds (type, status, department_code) VALUES ('Ward Room', 'Occupied', 92);
INSERT INTO Beds (type, status, department_code) VALUES ('Private Room', 'Available', 40);
INSERT INTO Beds (type, status, department_code) VALUES ('Semi-Private Room', 'Available', 1);
INSERT INTO Beds (type, status, department_code) VALUES ('Isolation Room', 'Available', 58);
INSERT INTO Beds (type, status, department_code) VALUES ('Intensive Care Unit', 'Available', 66);
INSERT INTO Beds (type, status, department_code) VALUES ('Ward Room', 'Available', 53);
INSERT INTO Beds (type, status, department_code) VALUES ('Private Room', 'Available', 16);
INSERT INTO Beds (type, status, department_code) VALUES ('Semi-Private Room', 'Available', 36);
INSERT INTO Beds (type, status, department_code) VALUES ('Isolation Room', 'Available', 96);
INSERT INTO Beds (type, status, department_code) VALUES ('Intensive Care Unit', 'Under Maintenance', 35);
INSERT INTO Beds (type, status, department_code) VALUES ('Ward Room', 'Available', 10);
INSERT INTO Beds (type, status, department_code) VALUES ('Private Room', 'Available', 65);
INSERT INTO Beds (type, status, department_code) VALUES ('Semi-Private Room', 'Available', 62);
INSERT INTO Beds (type, status, department_code) VALUES ('Isolation Room', 'Available', 22);
INSERT INTO Beds (type, status, department_code) VALUES ('Intensive Care Unit', 'Available', 68);
INSERT INTO Beds (type, status, department_code) VALUES ('Ward Room', 'Available', 92);
INSERT INTO Beds (type, status, department_code) VALUES ('Private Room', 'Available', 40);
INSERT INTO Beds (type, status, department_code) VALUES ('Semi-Private Room', 'Available', 1);
INSERT INTO Beds (type, status, department_code) VALUES ('Isolation Room', 'Available', 58);
INSERT INTO Beds (type, status, department_code) VALUES ('Intensive Care Unit', 'Available', 66);
INSERT INTO Beds (type, status, department_code) VALUES ('Ward Room', 'Available', 53);
INSERT INTO Beds (type, status, department_code) VALUES ('Private Room', 'Available', 16);
INSERT INTO Beds (type, status, department_code) VALUES ('Semi-Private Room', 'Available', 36);
INSERT INTO Beds (type, status, department_code) VALUES ('Isolation Room', 'Available', 96);
INSERT INTO Beds (type, status, department_code) VALUES ('Intensive Care Unit', 'Available', 35);
INSERT INTO Beds (type, status, department_code) VALUES ('Ward Room', 'Available', 10);
INSERT INTO Beds (type, status, department_code) VALUES ('Private Room', 'Available', 65);
INSERT INTO Beds (type, status, department_code) VALUES ('Semi-Private Room', 'Available', 62);
INSERT INTO Beds (type, status, department_code) VALUES ('Isolation Room', 'Available', 22);
INSERT INTO Beds (type, status, department_code) VALUES ('Intensive Care Unit', 'Available', 68);
INSERT INTO Beds (type, status, department_code) VALUES ('Ward Room', 'Available', 92);
INSERT INTO Beds (type, status, department_code) VALUES ('Private Room', 'Available', 40);
INSERT INTO Beds (type, status, department_code) VALUES ('Semi-Private Room', 'Available', 1);
INSERT INTO Beds (type, status, department_code) VALUES ('Isolation Room', 'Available', 58);
INSERT INTO Beds (type, status, department_code) VALUES ('Intensive Care Unit', 'Available', 66);
INSERT INTO Beds (type, status, department_code) VALUES ('Ward Room', 'Available', 53);
INSERT INTO Beds (type, status, department_code) VALUES ('Private Room', 'Available', 16);
INSERT INTO Beds (type, status, department_code) VALUES ('Semi-Private Room', 'Available', 36);
INSERT INTO Beds (type, status, department_code) VALUES ('Isolation Room', 'Available', 96);
INSERT INTO Beds (type, status, department_code) VALUES ('Intensive Care Unit', 'Available', 35);
INSERT INTO Beds (type, status, department_code) VALUES ('Ward Room', 'Available', 10);
INSERT INTO Beds (type, status, department_code) VALUES ('Private Room', 'Available', 65);
INSERT INTO Beds (type, status, department_code) VALUES ('Semi-Private Room', 'Available', 62);
INSERT INTO Beds (type, status, department_code) VALUES ('Isolation Room', 'Available', 22);
INSERT INTO Beds (type, status, department_code) VALUES ('Intensive Care Unit', 'Available', 68);
INSERT INTO Beds (type, status, department_code) VALUES ('Ward Room', 'Available', 92);
INSERT INTO Beds (type, status, department_code) VALUES ('Private Room', 'Available', 40);
INSERT INTO Beds (type, status, department_code) VALUES ('Semi-Private Room', 'Available', 1);
INSERT INTO Beds (type, status, department_code) VALUES ('Isolation Room', 'Available', 58);
INSERT INTO Beds (type, status, department_code) VALUES ('Intensive Care Unit', 'Available', 66);
INSERT INTO Beds (type, status, department_code) VALUES ('Ward Room', 'Available', 53);
INSERT INTO Beds (type, status, department_code) VALUES ('Private Room', 'Available', 16);
INSERT INTO Beds (type, status, department_code) VALUES ('Semi-Private Room', 'Available', 36);
INSERT INTO Beds (type, status, department_code) VALUES ('Isolation Room', 'Available', 96);
INSERT INTO Beds (type, status, department_code) VALUES ('Intensive Care Unit', 'Available', 35);
INSERT INTO Beds (type, status, department_code) VALUES ('Ward Room', 'Occupied', 10);
INSERT INTO Beds (type, status, department_code) VALUES ('Private Room', 'Available', 65);
INSERT INTO Beds (type, status, department_code) VALUES ('Semi-Private Room', 'Available', 62);
INSERT INTO Beds (type, status, department_code) VALUES ('Isolation Room', 'Available', 22);
INSERT INTO Beds (type, status, department_code) VALUES ('Intensive Care Unit', 'Available', 68);
INSERT INTO Beds (type, status, department_code) VALUES ('Ward Room', 'Available', 92);
INSERT INTO Beds (type, status, department_code) VALUES ('Private Room', 'Available', 40);
INSERT INTO Beds (type, status, department_code) VALUES ('Semi-Private Room', 'Available', 1);
INSERT INTO Beds (type, status, department_code) VALUES ('Isolation Room', 'Available', 58);
INSERT INTO Beds (type, status, department_code) VALUES ('Intensive Care Unit', 'Available', 66);
INSERT INTO Beds (type, status, department_code) VALUES ('Ward Room', 'Available', 53);
INSERT INTO Beds (type, status, department_code) VALUES ('Private Room', 'Available', 16);
INSERT INTO Beds (type, status, department_code) VALUES ('Semi-Private Room', 'Available', 36);
INSERT INTO Beds (type, status, department_code) VALUES ('Isolation Room', 'Available', 96);
INSERT INTO Beds (type, status, department_code) VALUES ('Intensive Care Unit', 'Available', 35);
INSERT INTO Beds (type, status, department_code) VALUES ('Ward Room', 'Available', 10);
INSERT INTO Beds (type, status, department_code) VALUES ('Private Room', 'Available', 65);
INSERT INTO Beds (type, status, department_code) VALUES ('Semi-Private Room', 'Under Maintenance', 62);
INSERT INTO Beds (type, status, department_code) VALUES ('Isolation Room', 'Available', 22);
INSERT INTO Beds (type, status, department_code) VALUES ('Intensive Care Unit', 'Available', 68);
INSERT INTO Beds (type, status, department_code) VALUES ('Ward Room', 'Available', 92);
INSERT INTO Beds (type, status, department_code) VALUES ('Private Room', 'Available', 40);
INSERT INTO Beds (type, status, department_code) VALUES ('Semi-Private Room', 'Available', 1);
INSERT INTO Beds (type, status, department_code) VALUES ('Isolation Room', 'Available', 58);
INSERT INTO Beds (type, status, department_code) VALUES ('Intensive Care Unit', 'Available', 66);
INSERT INTO Beds (type, status, department_code) VALUES ('Ward Room', 'Available', 53);
INSERT INTO Beds (type, status, department_code) VALUES ('Private Room', 'Available', 16);
INSERT INTO Beds (type, status, department_code) VALUES ('Semi-Private Room', 'Available', 36);
INSERT INTO Beds (type, status, department_code) VALUES ('Isolation Room', 'Available', 96);
INSERT INTO Beds (type, status, department_code) VALUES ('Intensive Care Unit', 'Available', 35);
INSERT INTO Beds (type, status, department_code) VALUES ('Ward Room', 'Available', 10);
INSERT INTO Beds (type, status, department_code) VALUES ('Private Room', 'Available', 65);
INSERT INTO Beds (type, status, department_code) VALUES ('Semi-Private Room', 'Available', 62);
INSERT INTO Beds (type, status, department_code) VALUES ('Isolation Room', 'Available', 22);
INSERT INTO Beds (type, status, department_code) VALUES ('Intensive Care Unit', 'Available', 68);
INSERT INTO Beds (type, status, department_code) VALUES ('Ward Room', 'Available', 92);
INSERT INTO Beds (type, status, department_code) VALUES ('Private Room', 'Available', 40);
INSERT INTO Beds (type, status, department_code) VALUES ('Semi-Private Room', 'Available', 1);
INSERT INTO Beds (type, status, department_code) VALUES ('Isolation Room', 'Available', 58);
INSERT INTO Beds (type, status, department_code) VALUES ('Intensive Care Unit', 'Available', 66);
INSERT INTO Beds (type, status, department_code) VALUES ('Ward Room', 'Available', 53);
INSERT INTO Beds (type, status, department_code) VALUES ('Private Room', 'Available', 16);
INSERT INTO Beds (type, status, department_code) VALUES ('Semi-Private Room', 'Available', 36);
INSERT INTO Beds (type, status, department_code) VALUES ('Isolation Room', 'Available', 96);
INSERT INTO Beds (type, status, department_code) VALUES ('Intensive Care Unit', 'Available', 35);
INSERT INTO Beds (type, status, department_code) VALUES ('Ward Room', 'Available', 10);
INSERT INTO Beds (type, status, department_code) VALUES ('Private Room', 'Available', 65);
INSERT INTO Beds (type, status, department_code) VALUES ('Semi-Private Room', 'Available', 62);
INSERT INTO Beds (type, status, department_code) VALUES ('Isolation Room', 'Available', 22);
INSERT INTO Beds (type, status, department_code) VALUES ('Intensive Care Unit', 'Available', 68);
INSERT INTO Beds (type, status, department_code) VALUES ('Ward Room', 'Available', 92);
INSERT INTO Beds (type, status, department_code) VALUES ('Private Room', 'Available', 40);
INSERT INTO Beds (type, status, department_code) VALUES ('Semi-Private Room', 'Available', 1);
INSERT INTO Beds (type, status, department_code) VALUES ('Isolation Room', 'Available', 58);
INSERT INTO Beds (type, status, department_code) VALUES ('Intensive Care Unit', 'Available', 66);
INSERT INTO Beds (type, status, department_code) VALUES ('Ward Room', 'Available', 53);
INSERT INTO Beds (type, status, department_code) VALUES ('Private Room', 'Available', 16);
INSERT INTO Beds (type, status, department_code) VALUES ('Semi-Private Room', 'Available', 36);
INSERT INTO Beds (type, status, department_code) VALUES ('Isolation Room', 'Available', 96);
INSERT INTO Beds (type, status, department_code) VALUES ('Intensive Care Unit', 'Available', 35);
INSERT INTO Beds (type, status, department_code) VALUES ('Ward Room', 'Available', 10);
INSERT INTO Beds (type, status, department_code) VALUES ('Private Room', 'Available', 65);
INSERT INTO Beds (type, status, department_code) VALUES ('Semi-Private Room', 'Available', 62);
INSERT INTO Beds (type, status, department_code) VALUES ('Isolation Room', 'Available', 22);
INSERT INTO Beds (type, status, department_code) VALUES ('Intensive Care Unit', 'Available', 68);
INSERT INTO Beds (type, status, department_code) VALUES ('Ward Room', 'Available', 92);
INSERT INTO Beds (type, status, department_code) VALUES ('Private Room', 'Available', 40);
INSERT INTO Beds (type, status, department_code) VALUES ('Semi-Private Room', 'Available', 1);
INSERT INTO Beds (type, status, department_code) VALUES ('Isolation Room', 'Available', 58);
INSERT INTO Beds (type, status, department_code) VALUES ('Intensive Care Unit', 'Available', 66);
INSERT INTO Beds (type, status, department_code) VALUES ('Ward Room', 'Available', 53);
INSERT INTO Beds (type, status, department_code) VALUES ('Private Room', 'Available', 16);
INSERT INTO Beds (type, status, department_code) VALUES ('Semi-Private Room', 'Available', 36);
INSERT INTO Beds (type, status, department_code) VALUES ('Isolation Room', 'Available', 96);
INSERT INTO Beds (type, status, department_code) VALUES ('Intensive Care Unit', 'Available', 35);
INSERT INTO Beds (type, status, department_code) VALUES ('Ward Room', 'Available', 10);
INSERT INTO Beds (type, status, department_code) VALUES ('Private Room', 'Available', 65);
INSERT INTO Beds (type, status, department_code) VALUES ('Semi-Private Room', 'Available', 62);
INSERT INTO Beds (type, status, department_code) VALUES ('Isolation Room', 'Available', 22);
INSERT INTO Beds (type, status, department_code) VALUES ('Intensive Care Unit', 'Available', 68);
INSERT INTO Beds (type, status, department_code) VALUES ('Ward Room', 'Available', 92);
INSERT INTO Beds (type, status, department_code) VALUES ('Private Room', 'Available', 40);
INSERT INTO Beds (type, status, department_code) VALUES ('Semi-Private Room', 'Available', 1);
INSERT INTO Beds (type, status, department_code) VALUES ('Isolation Room', 'Available', 58);
INSERT INTO Beds (type, status, department_code) VALUES ('Intensive Care Unit', 'Available', 66);
INSERT INTO Beds (type, status, department_code) VALUES ('Ward Room', 'Occupied', 53);
INSERT INTO Beds (type, status, department_code) VALUES ('Private Room', 'Available', 16);
INSERT INTO Beds (type, status, department_code) VALUES ('Semi-Private Room', 'Available', 36);
INSERT INTO Beds (type, status, department_code) VALUES ('Isolation Room', 'Available', 96);
INSERT INTO Beds (type, status, department_code) VALUES ('Intensive Care Unit', 'Available', 35);
INSERT INTO Beds (type, status, department_code) VALUES ('Ward Room', 'Available', 10);
INSERT INTO Beds (type, status, department_code) VALUES ('Private Room', 'Available', 65);
INSERT INTO Beds (type, status, department_code) VALUES ('Semi-Private Room', 'Available', 62);
INSERT INTO Beds (type, status, department_code) VALUES ('Isolation Room', 'Available', 22);
INSERT INTO Beds (type, status, department_code) VALUES ('Intensive Care Unit', 'Under Maintenance', 68);
INSERT INTO Beds (type, status, department_code) VALUES ('Ward Room', 'Available', 92);
INSERT INTO Beds (type, status, department_code) VALUES ('Private Room', 'Available', 40);
INSERT INTO Beds (type, status, department_code) VALUES ('Semi-Private Room', 'Available', 1);
INSERT INTO Beds (type, status, department_code) VALUES ('Isolation Room', 'Available', 58);
INSERT INTO Beds (type, status, department_code) VALUES ('Intensive Care Unit', 'Available', 66);
INSERT INTO Beds (type, status, department_code) VALUES ('Ward Room', 'Available', 53);
INSERT INTO Beds (type, status, department_code) VALUES ('Private Room', 'Available', 16);
INSERT INTO Beds (type, status, department_code) VALUES ('Semi-Private Room', 'Available', 36);
INSERT INTO Beds (type, status, department_code) VALUES ('Isolation Room', 'Available', 96);
INSERT INTO Beds (type, status, department_code) VALUES ('Intensive Care Unit', 'Available', 35);
INSERT INTO Beds (type, status, department_code) VALUES ('Ward Room', 'Available', 10);
INSERT INTO Beds (type, status, department_code) VALUES ('Private Room', 'Available', 65);
INSERT INTO Beds (type, status, department_code) VALUES ('Semi-Private Room', 'Available', 62);
INSERT INTO Beds (type, status, department_code) VALUES ('Isolation Room', 'Available', 22);
INSERT INTO Beds (type, status, department_code) VALUES ('Intensive Care Unit', 'Available', 68);
INSERT INTO Beds (type, status, department_code) VALUES ('Ward Room', 'Available', 92);
INSERT INTO Beds (type, status, department_code) VALUES ('Private Room', 'Available', 40);
INSERT INTO Beds (type, status, department_code) VALUES ('Semi-Private Room', 'Available', 1);
INSERT INTO Beds (type, status, department_code) VALUES ('Isolation Room', 'Available', 58);
INSERT INTO Beds (type, status, department_code) VALUES ('Intensive Care Unit', 'Available', 66);
INSERT INTO Beds (type, status, department_code) VALUES ('Ward Room', 'Available', 53);
INSERT INTO Beds (type, status, department_code) VALUES ('Private Room', 'Available', 16);
INSERT INTO Beds (type, status, department_code) VALUES ('Semi-Private Room', 'Available', 36);
INSERT INTO Beds (type, status, department_code) VALUES ('Isolation Room', 'Available', 96);
INSERT INTO Beds (type, status, department_code) VALUES ('Intensive Care Unit', 'Available', 35);
INSERT INTO Beds (type, status, department_code) VALUES ('Ward Room', 'Available', 10);
INSERT INTO Beds (type, status, department_code) VALUES ('Private Room', 'Available', 65);
INSERT INTO Beds (type, status, department_code) VALUES ('Semi-Private Room', 'Available', 62);
INSERT INTO Beds (type, status, department_code) VALUES ('Isolation Room', 'Available', 22);
INSERT INTO Beds (type, status, department_code) VALUES ('Intensive Care Unit', 'Available', 68);
INSERT INTO Beds (type, status, department_code) VALUES ('Ward Room', 'Available', 92);
INSERT INTO Beds (type, status, department_code) VALUES ('Private Room', 'Available', 40);
INSERT INTO Beds (type, status, department_code) VALUES ('Semi-Private Room', 'Occupied', 1);
INSERT INTO Beds (type, status, department_code) VALUES ('Isolation Room', 'Available', 58);
INSERT INTO Beds (type, status, department_code) VALUES ('Intensive Care Unit', 'Available', 66);
INSERT INTO Beds (type, status, department_code) VALUES ('Ward Room', 'Available', 53);
INSERT INTO Beds (type, status, department_code) VALUES ('Private Room', 'Available', 16);
INSERT INTO Beds (type, status, department_code) VALUES ('Semi-Private Room', 'Available', 36);
INSERT INTO Beds (type, status, department_code) VALUES ('Isolation Room', 'Available', 96);
INSERT INTO Beds (type, status, department_code) VALUES ('Intensive Care Unit', 'Available', 35);
INSERT INTO Beds (type, status, department_code) VALUES ('Ward Room', 'Available', 10);
INSERT INTO Beds (type, status, department_code) VALUES ('Private Room', 'Available', 65);
INSERT INTO Beds (type, status, department_code) VALUES ('Semi-Private Room', 'Available', 62);
INSERT INTO Beds (type, status, department_code) VALUES ('Isolation Room', 'Available', 22);
INSERT INTO Beds (type, status, department_code) VALUES ('Intensive Care Unit', 'Available', 68);
INSERT INTO Beds (type, status, department_code) VALUES ('Ward Room', 'Available', 92);
INSERT INTO Beds (type, status, department_code) VALUES ('Private Room', 'Available', 40);
INSERT INTO Beds (type, status, department_code) VALUES ('Semi-Private Room', 'Available', 1);
INSERT INTO Beds (type, status, department_code) VALUES ('Isolation Room', 'Available', 58);
INSERT INTO Beds (type, status, department_code) VALUES ('Intensive Care Unit', 'Available', 66);
INSERT INTO Beds (type, status, department_code) VALUES ('Ward Room', 'Available', 53);
INSERT INTO Beds (type, status, department_code) VALUES ('Private Room', 'Available', 16);
INSERT INTO Beds (type, status, department_code) VALUES ('Semi-Private Room', 'Available', 36);
INSERT INTO Beds (type, status, department_code) VALUES ('Isolation Room', 'Available', 96);
INSERT INTO Beds (type, status, department_code) VALUES ('Intensive Care Unit', 'Available', 35);
INSERT INTO Beds (type, status, department_code) VALUES ('Ward Room', 'Available', 10);
INSERT INTO Beds (type, status, department_code) VALUES ('Private Room', 'Available', 65);
INSERT INTO Beds (type, status, department_code) VALUES ('Semi-Private Room', 'Available', 62);
INSERT INTO Beds (type, status, department_code) VALUES ('Isolation Room', 'Available', 22);
INSERT INTO Beds (type, status, department_code) VALUES ('Intensive Care Unit', 'Available', 68);
INSERT INTO Beds (type, status, department_code) VALUES ('Ward Room', 'Available', 92);
INSERT INTO Beds (type, status, department_code) VALUES ('Private Room', 'Available', 40);
INSERT INTO Beds (type, status, department_code) VALUES ('Semi-Private Room', 'Available', 1);
INSERT INTO Beds (type, status, department_code) VALUES ('Isolation Room', 'Available', 58);
INSERT INTO Beds (type, status, department_code) VALUES ('Intensive Care Unit', 'Available', 66);
INSERT INTO Beds (type, status, department_code) VALUES ('Ward Room', 'Available', 53);
INSERT INTO Beds (type, status, department_code) VALUES ('Private Room', 'Available', 16);
INSERT INTO Beds (type, status, department_code) VALUES ('Semi-Private Room', 'Available', 36);
INSERT INTO Beds (type, status, department_code) VALUES ('Isolation Room', 'Available', 96);
INSERT INTO Beds (type, status, department_code) VALUES ('Intensive Care Unit', 'Available', 35);
INSERT INTO Beds (type, status, department_code) VALUES ('Ward Room', 'Available', 10);
INSERT INTO Beds (type, status, department_code) VALUES ('Private Room', 'Available', 65);
INSERT INTO Beds (type, status, department_code) VALUES ('Semi-Private Room', 'Under Maintenance', 62);
INSERT INTO Beds (type, status, department_code) VALUES ('Isolation Room', 'Available', 22);
INSERT INTO Beds (type, status, department_code) VALUES ('Intensive Care Unit', 'Available', 68);
INSERT INTO Beds (type, status, department_code) VALUES ('Ward Room', 'Available', 92);
INSERT INTO Beds (type, status, department_code) VALUES ('Private Room', 'Available', 40);
INSERT INTO Beds (type, status, department_code) VALUES ('Semi-Private Room', 'Available', 1);
INSERT INTO Beds (type, status, department_code) VALUES ('Isolation Room', 'Available', 58);
INSERT INTO Beds (type, status, department_code) VALUES ('Intensive Care Unit', 'Available', 66);
INSERT INTO Beds (type, status, department_code) VALUES ('Ward Room', 'Available', 53);
INSERT INTO Beds (type, status, department_code) VALUES ('Private Room', 'Available', 16);
INSERT INTO Beds (type, status, department_code) VALUES ('Semi-Private Room', 'Available', 36);
INSERT INTO Beds (type, status, department_code) VALUES ('Isolation Room', 'Available', 96);
INSERT INTO Beds (type, status, department_code) VALUES ('Intensive Care Unit', 'Available', 35);
INSERT INTO Beds (type, status, department_code) VALUES ('Ward Room', 'Available', 10);
INSERT INTO Beds (type, status, department_code) VALUES ('Private Room', 'Available', 65);
INSERT INTO Beds (type, status, department_code) VALUES ('Semi-Private Room', 'Available', 62);
INSERT INTO Beds (type, status, department_code) VALUES ('Isolation Room', 'Under Maintenance', 22);
INSERT INTO Beds (type, status, department_code) VALUES ('Intensive Care Unit', 'Available', 68);
INSERT INTO Beds (type, status, department_code) VALUES ('Ward Room', 'Available', 92);
INSERT INTO Beds (type, status, department_code) VALUES ('Private Room', 'Available', 40);
INSERT INTO Beds (type, status, department_code) VALUES ('Semi-Private Room', 'Available', 1);
INSERT INTO Beds (type, status, department_code) VALUES ('Isolation Room', 'Available', 58);
INSERT INTO Beds (type, status, department_code) VALUES ('Intensive Care Unit', 'Available', 66);
INSERT INTO Beds (type, status, department_code) VALUES ('Ward Room', 'Available', 53);
INSERT INTO Beds (type, status, department_code) VALUES ('Private Room', 'Available', 16);
INSERT INTO Beds (type, status, department_code) VALUES ('Semi-Private Room', 'Under Maintenance', 36);
INSERT INTO Beds (type, status, department_code) VALUES ('Isolation Room', 'Under Maintenance', 96);
INSERT INTO Beds (type, status, department_code) VALUES ('Intensive Care Unit', 'Available', 35);
INSERT INTO Beds (type, status, department_code) VALUES ('Ward Room', 'Available', 10);
INSERT INTO Beds (type, status, department_code) VALUES ('Private Room', 'Available', 65);
INSERT INTO Beds (type, status, department_code) VALUES ('Semi-Private Room', 'Available', 62);
INSERT INTO Beds (type, status, department_code) VALUES ('Isolation Room', 'Available', 22);
INSERT INTO Beds (type, status, department_code) VALUES ('Intensive Care Unit', 'Available', 68);
INSERT INTO Beds (type, status, department_code) VALUES ('Ward Room', 'Occupied', 92);
INSERT INTO Beds (type, status, department_code) VALUES ('Private Room', 'Available', 40);
INSERT INTO Beds (type, status, department_code) VALUES ('Semi-Private Room', 'Available', 1);
INSERT INTO Beds (type, status, department_code) VALUES ('Isolation Room', 'Available', 58);
INSERT INTO Beds (type, status, department_code) VALUES ('Intensive Care Unit', 'Available', 66);
INSERT INTO Beds (type, status, department_code) VALUES ('Ward Room', 'Available', 53);
INSERT INTO Beds (type, status, department_code) VALUES ('Private Room', 'Available', 16);
INSERT INTO Beds (type, status, department_code) VALUES ('Semi-Private Room', 'Available', 36);
INSERT INTO Beds (type, status, department_code) VALUES ('Isolation Room', 'Available', 96);
INSERT INTO Beds (type, status, department_code) VALUES ('Intensive Care Unit', 'Available', 35);
INSERT INTO Beds (type, status, department_code) VALUES ('Ward Room', 'Available', 10);
INSERT INTO Beds (type, status, department_code) VALUES ('Private Room', 'Available', 65);
INSERT INTO Beds (type, status, department_code) VALUES ('Semi-Private Room', 'Available', 62);
INSERT INTO Beds (type, status, department_code) VALUES ('Isolation Room', 'Available', 22);
INSERT INTO Beds (type, status, department_code) VALUES ('Intensive Care Unit', 'Available', 68);
INSERT INTO Beds (type, status, department_code) VALUES ('Ward Room', 'Available', 92);
INSERT INTO Beds (type, status, department_code) VALUES ('Private Room', 'Available', 40);
INSERT INTO Beds (type, status, department_code) VALUES ('Semi-Private Room', 'Available', 1);
INSERT INTO Beds (type, status, department_code) VALUES ('Isolation Room', 'Available', 58);
INSERT INTO Beds (type, status, department_code) VALUES ('Intensive Care Unit', 'Available', 66);
INSERT INTO Beds (type, status, department_code) VALUES ('Ward Room', 'Available', 53);
INSERT INTO Beds (type, status, department_code) VALUES ('Private Room', 'Available', 16);
INSERT INTO Beds (type, status, department_code) VALUES ('Semi-Private Room', 'Available', 36);
INSERT INTO Beds (type, status, department_code) VALUES ('Isolation Room', 'Available', 96);
INSERT INTO Beds (type, status, department_code) VALUES ('Intensive Care Unit', 'Under Maintenance', 35);
INSERT INTO Beds (type, status, department_code) VALUES ('Ward Room', 'Available', 10);
INSERT INTO Beds (type, status, department_code) VALUES ('Private Room', 'Available', 65);
INSERT INTO Beds (type, status, department_code) VALUES ('Semi-Private Room', 'Occupied', 62);
INSERT INTO Beds (type, status, department_code) VALUES ('Isolation Room', 'Available', 22);
INSERT INTO Beds (type, status, department_code) VALUES ('Intensive Care Unit', 'Occupied', 68);
INSERT INTO Beds (type, status, department_code) VALUES ('Ward Room', 'Available', 92);
INSERT INTO Beds (type, status, department_code) VALUES ('Private Room', 'Available', 40);
INSERT INTO Beds (type, status, department_code) VALUES ('Semi-Private Room', 'Available', 1);
INSERT INTO Beds (type, status, department_code) VALUES ('Isolation Room', 'Available', 58);
INSERT INTO Beds (type, status, department_code) VALUES ('Intensive Care Unit', 'Available', 66);
INSERT INTO Beds (type, status, department_code) VALUES ('Ward Room', 'Available', 53);
INSERT INTO Beds (type, status, department_code) VALUES ('Private Room', 'Available', 16);
INSERT INTO Beds (type, status, department_code) VALUES ('Semi-Private Room', 'Available', 36);
INSERT INTO Beds (type, status, department_code) VALUES ('Isolation Room', 'Available', 96);
INSERT INTO Beds (type, status, department_code) VALUES ('Intensive Care Unit', 'Available', 35);
INSERT INTO Beds (type, status, department_code) VALUES ('Ward Room', 'Available', 10);
INSERT INTO Beds (type, status, department_code) VALUES ('Private Room', 'Available', 65);
INSERT INTO Beds (type, status, department_code) VALUES ('Semi-Private Room', 'Available', 62);
INSERT INTO Beds (type, status, department_code) VALUES ('Isolation Room', 'Available', 22);
INSERT INTO Beds (type, status, department_code) VALUES ('Intensive Care Unit', 'Available', 68);
INSERT INTO Beds (type, status, department_code) VALUES ('Ward Room', 'Available', 92);
INSERT INTO Beds (type, status, department_code) VALUES ('Private Room', 'Available', 40);
INSERT INTO Beds (type, status, department_code) VALUES ('Semi-Private Room', 'Available', 1);
INSERT INTO Beds (type, status, department_code) VALUES ('Isolation Room', 'Available', 58);
INSERT INTO Beds (type, status, department_code) VALUES ('Intensive Care Unit', 'Available', 66);
INSERT INTO Beds (type, status, department_code) VALUES ('Ward Room', 'Available', 53);
INSERT INTO Beds (type, status, department_code) VALUES ('Private Room', 'Available', 16);
INSERT INTO Beds (type, status, department_code) VALUES ('Semi-Private Room', 'Available', 36);
INSERT INTO Beds (type, status, department_code) VALUES ('Isolation Room', 'Available', 96);
INSERT INTO Beds (type, status, department_code) VALUES ('Intensive Care Unit', 'Available', 35);
INSERT INTO Beds (type, status, department_code) VALUES ('Ward Room', 'Available', 10);
INSERT INTO Beds (type, status, department_code) VALUES ('Private Room', 'Available', 65);
INSERT INTO Beds (type, status, department_code) VALUES ('Semi-Private Room', 'Available', 62);
INSERT INTO Beds (type, status, department_code) VALUES ('Isolation Room', 'Available', 22);


-- Staff
INSERT INTO Staff(AMKA, first_name, last_name, date_of_birth, email, phone_number, hire_date, staff_type) VALUES ('37104328553', 'Grace', 'Vint', str_to_date('05/11/1966', '%d/%m/%Y'), 'gvint0@unesco.org', '+62 554 151 5052', str_to_date('24/12/1969', '%d/%m/%Y'), 'Doctor');
INSERT INTO Staff(AMKA, first_name, last_name, date_of_birth, email, phone_number, hire_date, staff_type) VALUES ('43459107085', 'Merilyn', 'Waycott', str_to_date('08/12/1974', '%d/%m/%Y'), 'mwaycott1@lycos.com', '+63 837 160 7935', str_to_date('14/12/2008', '%d/%m/%Y'), 'Doctor');
INSERT INTO Staff(AMKA, first_name, last_name, date_of_birth, email, phone_number, hire_date, staff_type) VALUES ('44409778575', 'Bunnie', 'Menco', str_to_date('02/08/1970', '%d/%m/%Y'), 'bmenco2@time.com', '+48 584 458 0259', str_to_date('01/05/1956', '%d/%m/%Y'), 'Doctor');
INSERT INTO Staff(AMKA, first_name, last_name, date_of_birth, email, phone_number, hire_date, staff_type) VALUES ('41254430969', 'Giustina', 'Atte-Stone', str_to_date('08/07/1967', '%d/%m/%Y'), 'gattestone3@reddit.com', '+86 686 821 1241', str_to_date('04/11/1980', '%d/%m/%Y'), 'Doctor');
INSERT INTO Staff(AMKA, first_name, last_name, date_of_birth, email, phone_number, hire_date, staff_type) VALUES ('39379351252', 'Lammond', 'Marsay', str_to_date('19/03/1939', '%d/%m/%Y'), 'lmarsay4@nps.gov', '+32 242 718 6516', str_to_date('31/05/1996', '%d/%m/%Y'), 'Doctor');
INSERT INTO Staff(AMKA, first_name, last_name, date_of_birth, email, phone_number, hire_date, staff_type) VALUES ('43466535268', 'Ariella', 'Bettesworth', str_to_date('31/01/1943', '%d/%m/%Y'), 'abettesworth5@mapquest.com', '+352 174 245 7909', str_to_date('03/06/1961', '%d/%m/%Y'), 'Doctor');
INSERT INTO Staff(AMKA, first_name, last_name, date_of_birth, email, phone_number, hire_date, staff_type) VALUES ('43372911741', 'Lorinda', 'Lejeune', str_to_date('01/09/1932', '%d/%m/%Y'), 'llejeune6@dagondesign.com', '+86 270 318 1326', str_to_date('07/04/1959', '%d/%m/%Y'), 'Doctor');
INSERT INTO Staff(AMKA, first_name, last_name, date_of_birth, email, phone_number, hire_date, staff_type) VALUES ('35841245985', 'Lin', 'Autie', str_to_date('06/06/2001', '%d/%m/%Y'), 'lautie7@jugem.jp', '+86 513 126 3765', str_to_date('06/03/1980', '%d/%m/%Y'), 'Doctor');
INSERT INTO Staff(AMKA, first_name, last_name, date_of_birth, email, phone_number, hire_date, staff_type) VALUES ('39689190504', 'Lothaire', 'Hearnden', str_to_date('22/07/1990', '%d/%m/%Y'), 'lhearnden8@answers.com', '+86 861 895 3515', str_to_date('29/01/1967', '%d/%m/%Y'), 'Doctor');
INSERT INTO Staff(AMKA, first_name, last_name, date_of_birth, email, phone_number, hire_date, staff_type) VALUES ('38089264945', 'Toiboid', 'Ingliss', str_to_date('08/06/1937', '%d/%m/%Y'), 'tingliss9@ehow.com', '+380 364 178 7986', str_to_date('16/12/1986', '%d/%m/%Y'), 'Doctor');
INSERT INTO Staff(AMKA, first_name, last_name, date_of_birth, email, phone_number, hire_date, staff_type) VALUES ('44036671630', 'Corry', 'Lannen', str_to_date('29/10/1924', '%d/%m/%Y'), 'clannena@nih.gov', '+212 566 381 3158', str_to_date('20/03/1947', '%d/%m/%Y'), 'Doctor');
INSERT INTO Staff(AMKA, first_name, last_name, date_of_birth, email, phone_number, hire_date, staff_type) VALUES ('42201547240', 'Abbott', 'Fidge', str_to_date('19/12/1990', '%d/%m/%Y'), 'afidgeb@vistaprint.com', '+351 133 139 7711', str_to_date('12/05/1955', '%d/%m/%Y'), 'Doctor');
INSERT INTO Staff(AMKA, first_name, last_name, date_of_birth, email, phone_number, hire_date, staff_type) VALUES ('41403573163', 'Dido', 'Syms', str_to_date('25/06/1972', '%d/%m/%Y'), 'dsymsc@tiny.cc', '+374 153 879 0651', str_to_date('14/02/1948', '%d/%m/%Y'), 'Doctor');
INSERT INTO Staff(AMKA, first_name, last_name, date_of_birth, email, phone_number, hire_date, staff_type) VALUES ('34655643824', 'Melissa', 'How', str_to_date('12/04/1984', '%d/%m/%Y'), 'mhowd@state.gov', '+62 104 729 7130', str_to_date('27/03/2004', '%d/%m/%Y'), 'Doctor');
INSERT INTO Staff(AMKA, first_name, last_name, date_of_birth, email, phone_number, hire_date, staff_type) VALUES ('40193025425', 'Meghan', 'Drakeley', str_to_date('17/08/1939', '%d/%m/%Y'), 'mdrakeleye@discovery.com', '+504 571 738 5661', str_to_date('25/12/1970', '%d/%m/%Y'), 'Doctor');
INSERT INTO Staff(AMKA, first_name, last_name, date_of_birth, email, phone_number, hire_date, staff_type) VALUES ('40962184825', 'Shandra', 'Brent', str_to_date('30/06/1915', '%d/%m/%Y'), 'sbrentf@cargocollective.com', '+81 487 784 9238', str_to_date('09/04/2010', '%d/%m/%Y'), 'Doctor');
INSERT INTO Staff(AMKA, first_name, last_name, date_of_birth, email, phone_number, hire_date, staff_type) VALUES ('39983149058', 'Nigel', 'Symonds', str_to_date('29/08/1954', '%d/%m/%Y'), 'nsymondsg@hubpages.com', '+86 722 305 7356', str_to_date('10/11/1954', '%d/%m/%Y'), 'Doctor');
INSERT INTO Staff(AMKA, first_name, last_name, date_of_birth, email, phone_number, hire_date, staff_type) VALUES ('33399609987', 'Francisco', 'Thams', str_to_date('05/03/1975', '%d/%m/%Y'), 'fthamsh@jugem.jp', '+386 155 730 9209', str_to_date('09/07/1935', '%d/%m/%Y'), 'Doctor');
INSERT INTO Staff(AMKA, first_name, last_name, date_of_birth, email, phone_number, hire_date, staff_type) VALUES ('39057037723', 'Staford', 'Bleackly', str_to_date('15/05/1924', '%d/%m/%Y'), 'sbleacklyi@rambler.ru', '+62 856 878 9288', str_to_date('07/06/2020', '%d/%m/%Y'), 'Doctor');
INSERT INTO Staff(AMKA, first_name, last_name, date_of_birth, email, phone_number, hire_date, staff_type) VALUES ('34087673429', 'Dimitry', 'Eldon', str_to_date('20/05/1962', '%d/%m/%Y'), 'deldonj@gizmodo.com', '+63 912 563 3338', str_to_date('27/05/2010', '%d/%m/%Y'), 'Doctor');
INSERT INTO Staff(AMKA, first_name, last_name, date_of_birth, email, phone_number, hire_date, staff_type) VALUES ('33880243987', 'Ricoriki', 'Volkers', str_to_date('22/04/1929', '%d/%m/%Y'), 'rvolkersk@woothemes.com', '+1 457 623 8412', str_to_date('12/04/1981', '%d/%m/%Y'), 'Doctor');
INSERT INTO Staff(AMKA, first_name, last_name, date_of_birth, email, phone_number, hire_date, staff_type) VALUES ('43060600870', 'Eadith', 'Spracklin', str_to_date('21/06/1938', '%d/%m/%Y'), 'espracklinl@techcrunch.com', '+63 539 541 3337', str_to_date('10/07/2018', '%d/%m/%Y'), 'Doctor');
INSERT INTO Staff(AMKA, first_name, last_name, date_of_birth, email, phone_number, hire_date, staff_type) VALUES ('35788086126', 'Michaeline', 'Danigel', str_to_date('12/12/1953', '%d/%m/%Y'), 'mdanigelm@tinypic.com', '+58 741 887 8340', str_to_date('27/07/2022', '%d/%m/%Y'), 'Doctor');
INSERT INTO Staff(AMKA, first_name, last_name, date_of_birth, email, phone_number, hire_date, staff_type) VALUES ('40630951955', 'Letti', 'Primarolo', str_to_date('17/11/1921', '%d/%m/%Y'), 'lprimarolon@engadget.com', '+353 910 490 2187', str_to_date('11/05/1993', '%d/%m/%Y'), 'Doctor');
INSERT INTO Staff(AMKA, first_name, last_name, date_of_birth, email, phone_number, hire_date, staff_type) VALUES ('38939848501', 'Gualterio', 'Gounod', str_to_date('13/07/1916', '%d/%m/%Y'), 'ggounodo@symantec.com', '+62 648 581 7356', str_to_date('09/01/2014', '%d/%m/%Y'), 'Doctor');
INSERT INTO Staff(AMKA, first_name, last_name, date_of_birth, email, phone_number, hire_date, staff_type) VALUES ('40108846214', 'Latrina', 'Lapish', str_to_date('06/07/1983', '%d/%m/%Y'), 'llapishp@sfgate.com', '+7 650 660 9342', str_to_date('27/08/1940', '%d/%m/%Y'), 'Doctor');
INSERT INTO Staff(AMKA, first_name, last_name, date_of_birth, email, phone_number, hire_date, staff_type) VALUES ('41577535289', 'Cazzie', 'Coots', str_to_date('10/06/1916', '%d/%m/%Y'), 'ccootsq@npr.org', '+62 201 792 6689', str_to_date('27/12/2003', '%d/%m/%Y'), 'Doctor');
INSERT INTO Staff(AMKA, first_name, last_name, date_of_birth, email, phone_number, hire_date, staff_type) VALUES ('41951109075', 'Wallis', 'Smillie', str_to_date('27/12/1955', '%d/%m/%Y'), 'wsmillier@chron.com', '+374 486 806 3395', str_to_date('13/07/1992', '%d/%m/%Y'), 'Doctor');
INSERT INTO Staff(AMKA, first_name, last_name, date_of_birth, email, phone_number, hire_date, staff_type) VALUES ('38392431059', 'Georgianna', 'Magson', str_to_date('08/06/1955', '%d/%m/%Y'), 'gmagsons@tumblr.com', '+62 363 426 6101', str_to_date('17/09/1928', '%d/%m/%Y'), 'Doctor');
INSERT INTO Staff(AMKA, first_name, last_name, date_of_birth, email, phone_number, hire_date, staff_type) VALUES ('39221703959', 'Belicia', 'Dunbobbin', str_to_date('26/01/1997', '%d/%m/%Y'), 'bdunbobbint@webmd.com', '+86 483 152 9199', str_to_date('03/01/2009', '%d/%m/%Y'), 'Doctor');
INSERT INTO Staff(AMKA, first_name, last_name, date_of_birth, email, phone_number, hire_date, staff_type) VALUES ('35544064532', 'Maxy', 'Easson', str_to_date('19/04/1923', '%d/%m/%Y'), 'meassonu@hugedomains.com', '+86 755 114 9475', str_to_date('11/01/1982', '%d/%m/%Y'), 'Doctor');
INSERT INTO Staff(AMKA, first_name, last_name, date_of_birth, email, phone_number, hire_date, staff_type) VALUES ('36719816132', 'Amabel', 'Bumfrey', str_to_date('12/05/1957', '%d/%m/%Y'), 'abumfreyv@hao123.com', '+7 239 155 0121', str_to_date('03/09/1931', '%d/%m/%Y'), 'Doctor');
INSERT INTO Staff(AMKA, first_name, last_name, date_of_birth, email, phone_number, hire_date, staff_type) VALUES ('43037858246', 'Mano', 'Jantet', str_to_date('13/09/1946', '%d/%m/%Y'), 'mjantetw@topsy.com', '+62 391 591 5532', str_to_date('27/03/2026', '%d/%m/%Y'), 'Doctor');
INSERT INTO Staff(AMKA, first_name, last_name, date_of_birth, email, phone_number, hire_date, staff_type) VALUES ('35913103151', 'Linoel', 'Major', str_to_date('01/03/1933', '%d/%m/%Y'), 'lmajorx@cloudflare.com', '+63 522 629 0530', str_to_date('17/08/1978', '%d/%m/%Y'), 'Doctor');
INSERT INTO Staff(AMKA, first_name, last_name, date_of_birth, email, phone_number, hire_date, staff_type) VALUES ('35953805465', 'Druci', 'Mussen', str_to_date('19/11/1929', '%d/%m/%Y'), 'dmusseny@simplemachines.org', '+46 667 242 0945', str_to_date('01/12/2006', '%d/%m/%Y'), 'Doctor');
INSERT INTO Staff(AMKA, first_name, last_name, date_of_birth, email, phone_number, hire_date, staff_type) VALUES ('38585341171', 'Kirsti', 'Slaughter', str_to_date('15/08/2000', '%d/%m/%Y'), 'kslaughterz@ow.ly', '+86 828 117 4978', str_to_date('28/10/1958', '%d/%m/%Y'), 'Doctor');
INSERT INTO Staff(AMKA, first_name, last_name, date_of_birth, email, phone_number, hire_date, staff_type) VALUES ('43868173738', 'Millicent', 'Adderley', str_to_date('20/07/1971', '%d/%m/%Y'), 'madderley10@paginegialle.it', '+86 955 411 9408', str_to_date('15/02/1963', '%d/%m/%Y'), 'Doctor');
INSERT INTO Staff(AMKA, first_name, last_name, date_of_birth, email, phone_number, hire_date, staff_type) VALUES ('33890946921', 'Bank', 'Maciejewski', str_to_date('26/08/1940', '%d/%m/%Y'), 'bmaciejewski11@tumblr.com', '+595 115 232 8809', str_to_date('12/05/1999', '%d/%m/%Y'), 'Doctor');
INSERT INTO Staff(AMKA, first_name, last_name, date_of_birth, email, phone_number, hire_date, staff_type) VALUES ('38768060714', 'Alvira', 'Madden', str_to_date('12/11/1976', '%d/%m/%Y'), 'amadden12@loc.gov', '+48 309 660 3473', str_to_date('06/11/1955', '%d/%m/%Y'), 'Doctor');
INSERT INTO Staff(AMKA, first_name, last_name, date_of_birth, email, phone_number, hire_date, staff_type) VALUES ('42571391156', 'Neel', 'Trenchard', str_to_date('30/10/1965', '%d/%m/%Y'), 'ntrenchard13@mayoclinic.com', '+63 145 700 9439', str_to_date('01/03/1939', '%d/%m/%Y'), 'Doctor');
INSERT INTO Staff(AMKA, first_name, last_name, date_of_birth, email, phone_number, hire_date, staff_type) VALUES ('43737094806', 'Etty', 'Brusby', str_to_date('04/01/1935', '%d/%m/%Y'), 'ebrusby14@stanford.edu', '+260 524 310 1455', str_to_date('25/07/1957', '%d/%m/%Y'), 'Doctor');
INSERT INTO Staff(AMKA, first_name, last_name, date_of_birth, email, phone_number, hire_date, staff_type) VALUES ('37388579129', 'Rosalind', 'Applewhite', str_to_date('15/12/1919', '%d/%m/%Y'), 'rapplewhite15@lycos.com', '+1 125 700 0453', str_to_date('25/07/1972', '%d/%m/%Y'), 'Doctor');
INSERT INTO Staff(AMKA, first_name, last_name, date_of_birth, email, phone_number, hire_date, staff_type) VALUES ('36523892576', 'Sissie', 'Raison', str_to_date('19/10/1990', '%d/%m/%Y'), 'sraison16@bizjournals.com', '+86 513 636 6543', str_to_date('28/03/1989', '%d/%m/%Y'), 'Doctor');
INSERT INTO Staff(AMKA, first_name, last_name, date_of_birth, email, phone_number, hire_date, staff_type) VALUES ('36970575601', 'Maxine', 'Absolom', str_to_date('20/02/1935', '%d/%m/%Y'), 'mabsolom17@mayoclinic.com', '+86 478 281 4806', str_to_date('21/05/1991', '%d/%m/%Y'), 'Doctor');
INSERT INTO Staff(AMKA, first_name, last_name, date_of_birth, email, phone_number, hire_date, staff_type) VALUES ('34423748769', 'Maryann', 'Simion', str_to_date('29/04/2000', '%d/%m/%Y'), 'msimion18@ezinearticles.com', '+63 433 415 6586', str_to_date('31/03/1967', '%d/%m/%Y'), 'Doctor');
INSERT INTO Staff(AMKA, first_name, last_name, date_of_birth, email, phone_number, hire_date, staff_type) VALUES ('39316300423', 'Shannon', 'Reboulet', str_to_date('13/06/1983', '%d/%m/%Y'), 'sreboulet19@who.int', '+86 267 968 3390', str_to_date('15/09/1970', '%d/%m/%Y'), 'Doctor');
INSERT INTO Staff(AMKA, first_name, last_name, date_of_birth, email, phone_number, hire_date, staff_type) VALUES ('36947910867', 'Nadya', 'de Aguirre', str_to_date('12/09/1958', '%d/%m/%Y'), 'ndeaguirre1a@statcounter.com', '+86 624 942 8806', str_to_date('21/10/1976', '%d/%m/%Y'), 'Doctor');
INSERT INTO Staff(AMKA, first_name, last_name, date_of_birth, email, phone_number, hire_date, staff_type) VALUES ('36412890359', 'Krispin', 'Reboulet', str_to_date('15/03/1927', '%d/%m/%Y'), 'kreboulet1b@freewebs.com', '+267 911 372 0457', str_to_date('22/07/1993', '%d/%m/%Y'), 'Doctor');
INSERT INTO Staff(AMKA, first_name, last_name, date_of_birth, email, phone_number, hire_date, staff_type) VALUES ('42253633340', 'Deb', 'Pepperd', str_to_date('17/01/1936', '%d/%m/%Y'), 'dpepperd1c@4shared.com', '+86 814 691 0766', str_to_date('08/08/1995', '%d/%m/%Y'), 'Doctor');
INSERT INTO Staff(AMKA, first_name, last_name, date_of_birth, email, phone_number, hire_date, staff_type) VALUES ('34311222302', 'Saba', 'Dunkley', str_to_date('03/12/1964', '%d/%m/%Y'), 'sdunkley1d@alexa.com', '+1 501 679 0255', str_to_date('21/05/1974', '%d/%m/%Y'), 'Doctor');
INSERT INTO Staff(AMKA, first_name, last_name, date_of_birth, email, phone_number, hire_date, staff_type) VALUES ('35020538730', 'Bev', 'Reeman', str_to_date('17/10/1936', '%d/%m/%Y'), 'breeman1e@behance.net', '+380 171 370 8512', str_to_date('15/04/2003', '%d/%m/%Y'), 'Doctor');
INSERT INTO Staff(AMKA, first_name, last_name, date_of_birth, email, phone_number, hire_date, staff_type) VALUES ('40687817020', 'Wolfgang', 'Craigg', str_to_date('23/01/1964', '%d/%m/%Y'), 'wcraigg1f@angelfire.com', '+84 789 691 8578', str_to_date('17/11/1997', '%d/%m/%Y'), 'Doctor');
INSERT INTO Staff(AMKA, first_name, last_name, date_of_birth, email, phone_number, hire_date, staff_type) VALUES ('40180357466', 'Mendel', 'Roswarne', str_to_date('06/02/1986', '%d/%m/%Y'), 'mroswarne1g@wp.com', '+963 503 212 3227', str_to_date('29/07/1947', '%d/%m/%Y'), 'Doctor');
INSERT INTO Staff(AMKA, first_name, last_name, date_of_birth, email, phone_number, hire_date, staff_type) VALUES ('38932101856', 'Viviana', 'Leer', str_to_date('29/11/1985', '%d/%m/%Y'), 'vleer1h@yahoo.com', '+32 698 707 3105', str_to_date('20/06/1957', '%d/%m/%Y'), 'Doctor');
INSERT INTO Staff(AMKA, first_name, last_name, date_of_birth, email, phone_number, hire_date, staff_type) VALUES ('36995282254', 'Jemimah', 'Scrafton', str_to_date('06/03/1934', '%d/%m/%Y'), 'jscrafton1i@wix.com', '+57 610 489 1084', str_to_date('09/01/1968', '%d/%m/%Y'), 'Doctor');
INSERT INTO Staff(AMKA, first_name, last_name, date_of_birth, email, phone_number, hire_date, staff_type) VALUES ('42013002737', 'Merle', 'Bryan', str_to_date('22/08/1949', '%d/%m/%Y'), 'mbryan1j@de.vu', '+505 247 169 7987', str_to_date('23/11/1948', '%d/%m/%Y'), 'Doctor');
INSERT INTO Staff(AMKA, first_name, last_name, date_of_birth, email, phone_number, hire_date, staff_type) VALUES ('40181988107', 'Brade', 'McCusker', str_to_date('10/11/1931', '%d/%m/%Y'), 'bmccusker1k@xing.com', '+63 706 233 2626', str_to_date('04/04/2020', '%d/%m/%Y'), 'Doctor');
INSERT INTO Staff(AMKA, first_name, last_name, date_of_birth, email, phone_number, hire_date, staff_type) VALUES ('38139376506', 'Ulrikaumeko', 'De Hoogh', str_to_date('18/08/1931', '%d/%m/%Y'), 'udehoogh1l@meetup.com', '+380 494 558 9223', str_to_date('14/11/2020', '%d/%m/%Y'), 'Doctor');
INSERT INTO Staff(AMKA, first_name, last_name, date_of_birth, email, phone_number, hire_date, staff_type) VALUES ('38592000139', 'Joel', 'Cramond', str_to_date('11/01/1998', '%d/%m/%Y'), 'jcramond1m@wordpress.org', '+62 946 125 1047', str_to_date('28/03/1997', '%d/%m/%Y'), 'Doctor');
INSERT INTO Staff(AMKA, first_name, last_name, date_of_birth, email, phone_number, hire_date, staff_type) VALUES ('37911549150', 'Geralda', 'Olech', str_to_date('26/04/1965', '%d/%m/%Y'), 'golech1n@simplemachines.org', '+7 890 199 8636', str_to_date('08/12/1996', '%d/%m/%Y'), 'Doctor');
INSERT INTO Staff(AMKA, first_name, last_name, date_of_birth, email, phone_number, hire_date, staff_type) VALUES ('37125617377', 'Konstanze', 'Sleford', str_to_date('18/05/1955', '%d/%m/%Y'), 'ksleford1o@blinklist.com', '+86 918 675 2661', str_to_date('28/05/1967', '%d/%m/%Y'), 'Doctor');
INSERT INTO Staff(AMKA, first_name, last_name, date_of_birth, email, phone_number, hire_date, staff_type) VALUES ('35786999359', 'Remy', 'Davidavidovics', str_to_date('27/08/1971', '%d/%m/%Y'), 'rdavidavidovics1p@hostgator.com', '+82 120 110 7536', str_to_date('02/09/2019', '%d/%m/%Y'), 'Doctor');
INSERT INTO Staff(AMKA, first_name, last_name, date_of_birth, email, phone_number, hire_date, staff_type) VALUES ('42340373805', 'Renato', 'Klainer', str_to_date('24/11/1928', '%d/%m/%Y'), 'rklainer1q@zimbio.com', '+86 455 981 8188', str_to_date('19/04/1979', '%d/%m/%Y'), 'Doctor');
INSERT INTO Staff(AMKA, first_name, last_name, date_of_birth, email, phone_number, hire_date, staff_type) VALUES ('42162673259', 'Misha', 'Freemantle', str_to_date('11/08/1915', '%d/%m/%Y'), 'mfreemantle1r@jugem.jp', '+420 144 916 3291', str_to_date('25/09/1946', '%d/%m/%Y'), 'Doctor');
INSERT INTO Staff(AMKA, first_name, last_name, date_of_birth, email, phone_number, hire_date, staff_type) VALUES ('35620831763', 'Alena', 'Mallinar', str_to_date('20/07/1982', '%d/%m/%Y'), 'amallinar1s@unicef.org', '+30 191 650 0632', str_to_date('06/04/2000', '%d/%m/%Y'), 'Doctor');
INSERT INTO Staff(AMKA, first_name, last_name, date_of_birth, email, phone_number, hire_date, staff_type) VALUES ('33493265217', 'Cyrille', 'Schoular', str_to_date('19/09/1935', '%d/%m/%Y'), 'cschoular1t@yellowbook.com', '+55 715 468 4030', str_to_date('22/10/1963', '%d/%m/%Y'), 'Doctor');
INSERT INTO Staff(AMKA, first_name, last_name, date_of_birth, email, phone_number, hire_date, staff_type) VALUES ('34931923311', 'Felipa', 'Ludford', str_to_date('20/05/1918', '%d/%m/%Y'), 'fludford1u@i2i.jp', '+49 438 791 0344', str_to_date('11/09/2018', '%d/%m/%Y'), 'Doctor');
INSERT INTO Staff(AMKA, first_name, last_name, date_of_birth, email, phone_number, hire_date, staff_type) VALUES ('35044921462', 'Chad', 'Maruska', str_to_date('21/05/1962', '%d/%m/%Y'), 'cmaruska1v@google.nl', '+55 478 533 3364', str_to_date('15/04/2022', '%d/%m/%Y'), 'Doctor');
INSERT INTO Staff(AMKA, first_name, last_name, date_of_birth, email, phone_number, hire_date, staff_type) VALUES ('42101885326', 'Catie', 'Myderscough', str_to_date('08/07/1958', '%d/%m/%Y'), 'cmyderscough1w@wordpress.com', '+7 744 836 5019', str_to_date('03/06/1956', '%d/%m/%Y'), 'Doctor');
INSERT INTO Staff(AMKA, first_name, last_name, date_of_birth, email, phone_number, hire_date, staff_type) VALUES ('37401485174', 'Ferdinand', 'Cruikshanks', str_to_date('07/06/1952', '%d/%m/%Y'), 'fcruikshanks1x@t.co', '+7 985 226 4528', str_to_date('12/10/1979', '%d/%m/%Y'), 'Doctor');
INSERT INTO Staff(AMKA, first_name, last_name, date_of_birth, email, phone_number, hire_date, staff_type) VALUES ('41453977910', 'Belinda', 'Arnaudin', str_to_date('08/09/1934', '%d/%m/%Y'), 'barnaudin1y@hexun.com', '+7 213 168 9035', str_to_date('15/02/1954', '%d/%m/%Y'), 'Doctor');
INSERT INTO Staff(AMKA, first_name, last_name, date_of_birth, email, phone_number, hire_date, staff_type) VALUES ('39676929505', 'Reinaldo', 'Burbage', str_to_date('29/12/1997', '%d/%m/%Y'), 'rburbage1z@wufoo.com', '+351 553 828 6640', str_to_date('02/02/1930', '%d/%m/%Y'), 'Doctor');
INSERT INTO Staff(AMKA, first_name, last_name, date_of_birth, email, phone_number, hire_date, staff_type) VALUES ('35498355369', 'Rosamund', 'Eves', str_to_date('18/10/1936', '%d/%m/%Y'), 'reves20@oakley.com', '+62 405 518 7153', str_to_date('03/04/2004', '%d/%m/%Y'), 'Doctor');
INSERT INTO Staff(AMKA, first_name, last_name, date_of_birth, email, phone_number, hire_date, staff_type) VALUES ('38235621573', 'Fania', 'Kittless', str_to_date('17/12/1942', '%d/%m/%Y'), 'fkittless21@walmart.com', '+234 356 850 3472', str_to_date('24/06/2018', '%d/%m/%Y'), 'Doctor');
INSERT INTO Staff(AMKA, first_name, last_name, date_of_birth, email, phone_number, hire_date, staff_type) VALUES ('34627752550', 'Karlyn', 'McCandie', str_to_date('11/04/1963', '%d/%m/%Y'), 'kmccandie22@msu.edu', '+380 841 421 2985', str_to_date('02/11/2020', '%d/%m/%Y'), 'Doctor');
INSERT INTO Staff(AMKA, first_name, last_name, date_of_birth, email, phone_number, hire_date, staff_type) VALUES ('35408819377', 'Dunn', 'Tessington', str_to_date('18/03/1947', '%d/%m/%Y'), 'dtessington23@fotki.com', '+86 861 629 8668', str_to_date('24/03/2016', '%d/%m/%Y'), 'Doctor');
INSERT INTO Staff(AMKA, first_name, last_name, date_of_birth, email, phone_number, hire_date, staff_type) VALUES ('35649847224', 'Lamont', 'Sollam', str_to_date('28/04/1920', '%d/%m/%Y'), 'lsollam24@nhs.uk', '+994 398 428 7648', str_to_date('17/05/1985', '%d/%m/%Y'), 'Doctor');
INSERT INTO Staff(AMKA, first_name, last_name, date_of_birth, email, phone_number, hire_date, staff_type) VALUES ('37999493746', 'Callean', 'Duckerin', str_to_date('21/04/1926', '%d/%m/%Y'), 'cduckerin25@google.com', '+86 631 281 9072', str_to_date('20/05/1971', '%d/%m/%Y'), 'Doctor');
INSERT INTO Staff(AMKA, first_name, last_name, date_of_birth, email, phone_number, hire_date, staff_type) VALUES ('42822890183', 'Noby', 'Dyde', str_to_date('19/01/1938', '%d/%m/%Y'), 'ndyde26@msu.edu', '+62 576 591 0996', str_to_date('22/01/1969', '%d/%m/%Y'), 'Doctor');
INSERT INTO Staff(AMKA, first_name, last_name, date_of_birth, email, phone_number, hire_date, staff_type) VALUES ('37753963651', 'Hildegaard', 'Cruden', str_to_date('04/05/1987', '%d/%m/%Y'), 'hcruden27@blogs.com', '+46 215 668 1635', str_to_date('22/05/1947', '%d/%m/%Y'), 'Doctor');
INSERT INTO Staff(AMKA, first_name, last_name, date_of_birth, email, phone_number, hire_date, staff_type) VALUES ('43423181589', 'Andee', 'Blacklawe', str_to_date('29/08/1936', '%d/%m/%Y'), 'ablacklawe28@washingtonpost.com', '+63 415 714 2815', str_to_date('22/08/2023', '%d/%m/%Y'), 'Nurse');
INSERT INTO Staff(AMKA, first_name, last_name, date_of_birth, email, phone_number, hire_date, staff_type) VALUES ('41790684761', 'Wallace', 'Renols', str_to_date('18/02/1939', '%d/%m/%Y'), 'wrenols29@youtu.be', '+63 881 924 1587', str_to_date('30/04/1957', '%d/%m/%Y'), 'Nurse');
INSERT INTO Staff(AMKA, first_name, last_name, date_of_birth, email, phone_number, hire_date, staff_type) VALUES ('42201716445', 'Annabela', 'Campion', str_to_date('15/03/1921', '%d/%m/%Y'), 'acampion2a@washingtonpost.com', '+86 880 462 1501', str_to_date('12/05/1961', '%d/%m/%Y'), 'Nurse');
INSERT INTO Staff(AMKA, first_name, last_name, date_of_birth, email, phone_number, hire_date, staff_type) VALUES ('35397112410', 'Etty', 'Hartington', str_to_date('06/12/1916', '%d/%m/%Y'), 'ehartington2b@rambler.ru', '+7 245 616 3645', str_to_date('26/08/1969', '%d/%m/%Y'), 'Nurse');
INSERT INTO Staff(AMKA, first_name, last_name, date_of_birth, email, phone_number, hire_date, staff_type) VALUES ('43784119673', 'Elicia', 'Chopin', str_to_date('12/10/1938', '%d/%m/%Y'), 'echopin2c@nsw.gov.au', '+1 504 516 9212', str_to_date('11/11/1952', '%d/%m/%Y'), 'Nurse');
INSERT INTO Staff(AMKA, first_name, last_name, date_of_birth, email, phone_number, hire_date, staff_type) VALUES ('40582131317', 'Lavinie', 'Albasiny', str_to_date('11/01/1987', '%d/%m/%Y'), 'lalbasiny2d@europa.eu', '+46 119 722 9367', str_to_date('22/10/1958', '%d/%m/%Y'), 'Nurse');
INSERT INTO Staff(AMKA, first_name, last_name, date_of_birth, email, phone_number, hire_date, staff_type) VALUES ('34763939088', 'Rhetta', 'Mix', str_to_date('19/02/1955', '%d/%m/%Y'), 'rmix2e@soundcloud.com', '+62 651 848 0002', str_to_date('20/07/1984', '%d/%m/%Y'), 'Nurse');
INSERT INTO Staff(AMKA, first_name, last_name, date_of_birth, email, phone_number, hire_date, staff_type) VALUES ('40521407688', 'Calla', 'Strachan', str_to_date('04/10/1945', '%d/%m/%Y'), 'cstrachan2f@eventbrite.com', '+62 369 895 8365', str_to_date('08/03/2017', '%d/%m/%Y'), 'Nurse');
INSERT INTO Staff(AMKA, first_name, last_name, date_of_birth, email, phone_number, hire_date, staff_type) VALUES ('42760665332', 'Fran', 'Tripon', str_to_date('24/10/1920', '%d/%m/%Y'), 'ftripon2g@lulu.com', '+63 289 308 2846', str_to_date('29/07/1960', '%d/%m/%Y'), 'Nurse');
INSERT INTO Staff(AMKA, first_name, last_name, date_of_birth, email, phone_number, hire_date, staff_type) VALUES ('38584642333', 'Prissie', 'Cawtheray', str_to_date('18/08/1979', '%d/%m/%Y'), 'pcawtheray2h@last.fm', '+86 892 442 8499', str_to_date('26/06/1971', '%d/%m/%Y'), 'Nurse');
INSERT INTO Staff(AMKA, first_name, last_name, date_of_birth, email, phone_number, hire_date, staff_type) VALUES ('38966638391', 'Shayla', 'Dryden', str_to_date('03/05/1953', '%d/%m/%Y'), 'sdryden2i@dedecms.com', '+86 825 304 5510', str_to_date('25/09/1932', '%d/%m/%Y'), 'Nurse');
INSERT INTO Staff(AMKA, first_name, last_name, date_of_birth, email, phone_number, hire_date, staff_type) VALUES ('39787454466', 'Mirna', 'Cymper', str_to_date('20/01/1922', '%d/%m/%Y'), 'mcymper2j@pen.io', '+86 702 688 5036', str_to_date('06/09/1979', '%d/%m/%Y'), 'Nurse');
INSERT INTO Staff(AMKA, first_name, last_name, date_of_birth, email, phone_number, hire_date, staff_type) VALUES ('44405806828', 'Dinah', 'O'Carroll', str_to_date('22/01/1944', '%d/%m/%Y'), 'docarroll2k@businesswire.com', '+86 657 435 2982', str_to_date('26/09/1978', '%d/%m/%Y'), 'Nurse');
INSERT INTO Staff(AMKA, first_name, last_name, date_of_birth, email, phone_number, hire_date, staff_type) VALUES ('42986842789', 'Junette', 'Whilde', str_to_date('03/10/1948', '%d/%m/%Y'), 'jwhilde2l@nba.com', '+55 726 750 8684', str_to_date('10/10/1995', '%d/%m/%Y'), 'Nurse');
INSERT INTO Staff(AMKA, first_name, last_name, date_of_birth, email, phone_number, hire_date, staff_type) VALUES ('37879984113', 'Garry', 'Presnell', str_to_date('15/09/1984', '%d/%m/%Y'), 'gpresnell2m@sohu.com', '+62 970 266 1217', str_to_date('12/05/2021', '%d/%m/%Y'), 'Nurse');
INSERT INTO Staff(AMKA, first_name, last_name, date_of_birth, email, phone_number, hire_date, staff_type) VALUES ('39810087940', 'Noelyn', 'Bowland', str_to_date('16/03/1959', '%d/%m/%Y'), 'nbowland2n@cbc.ca', '+86 956 474 2089', str_to_date('01/08/2013', '%d/%m/%Y'), 'Nurse');
INSERT INTO Staff(AMKA, first_name, last_name, date_of_birth, email, phone_number, hire_date, staff_type) VALUES ('36171206896', 'Cleveland', 'Dangerfield', str_to_date('23/09/1970', '%d/%m/%Y'), 'cdangerfield2o@hp.com', '+48 954 616 3468', str_to_date('02/07/2006', '%d/%m/%Y'), 'Nurse');
INSERT INTO Staff(AMKA, first_name, last_name, date_of_birth, email, phone_number, hire_date, staff_type) VALUES ('36873576366', 'Dedra', 'Heake', str_to_date('25/01/1927', '%d/%m/%Y'), 'dheake2p@noaa.gov', '+7 953 424 5015', str_to_date('20/08/1972', '%d/%m/%Y'), 'Nurse');
INSERT INTO Staff(AMKA, first_name, last_name, date_of_birth, email, phone_number, hire_date, staff_type) VALUES ('44212210803', 'Marius', 'Madle', str_to_date('12/07/1997', '%d/%m/%Y'), 'mmadle2q@hp.com', '+86 119 749 4735', str_to_date('14/08/1949', '%d/%m/%Y'), 'Nurse');
INSERT INTO Staff(AMKA, first_name, last_name, date_of_birth, email, phone_number, hire_date, staff_type) VALUES ('41122289045', 'Roger', 'Plunket', str_to_date('28/04/1972', '%d/%m/%Y'), 'rplunket2r@wikimedia.org', '+351 327 613 7893', str_to_date('24/01/1969', '%d/%m/%Y'), 'Nurse');
INSERT INTO Staff(AMKA, first_name, last_name, date_of_birth, email, phone_number, hire_date, staff_type) VALUES ('34201446920', 'Simone', 'Scimoni', str_to_date('15/01/1973', '%d/%m/%Y'), 'sscimoni2s@mayoclinic.com', '+677 522 268 0275', str_to_date('15/05/1978', '%d/%m/%Y'), 'Nurse');
INSERT INTO Staff(AMKA, first_name, last_name, date_of_birth, email, phone_number, hire_date, staff_type) VALUES ('34012998631', 'Dolley', 'Cory', str_to_date('06/08/1968', '%d/%m/%Y'), 'dcory2t@tiny.cc', '+961 523 402 3258', str_to_date('09/04/2018', '%d/%m/%Y'), 'Nurse');
INSERT INTO Staff(AMKA, first_name, last_name, date_of_birth, email, phone_number, hire_date, staff_type) VALUES ('39483707637', 'Phyllis', 'Kitchen', str_to_date('26/03/1961', '%d/%m/%Y'), 'pkitchen2u@miitbeian.gov.cn', '+86 253 101 1476', str_to_date('06/12/1987', '%d/%m/%Y'), 'Nurse');
INSERT INTO Staff(AMKA, first_name, last_name, date_of_birth, email, phone_number, hire_date, staff_type) VALUES ('37283368726', 'Zerk', 'Jarritt', str_to_date('30/12/1999', '%d/%m/%Y'), 'zjarritt2v@gmpg.org', '+86 167 228 4394', str_to_date('19/07/1949', '%d/%m/%Y'), 'Nurse');
INSERT INTO Staff(AMKA, first_name, last_name, date_of_birth, email, phone_number, hire_date, staff_type) VALUES ('33592282461', 'Corenda', 'Viggars', str_to_date('31/08/1965', '%d/%m/%Y'), 'cviggars2w@auda.org.au', '+63 635 728 5861', str_to_date('28/06/1984', '%d/%m/%Y'), 'Nurse');
INSERT INTO Staff(AMKA, first_name, last_name, date_of_birth, email, phone_number, hire_date, staff_type) VALUES ('38691216181', 'Rianon', 'Hillyatt', str_to_date('13/09/1979', '%d/%m/%Y'), 'rhillyatt2x@oakley.com', '+86 801 533 9871', str_to_date('14/04/1937', '%d/%m/%Y'), 'Nurse');
INSERT INTO Staff(AMKA, first_name, last_name, date_of_birth, email, phone_number, hire_date, staff_type) VALUES ('40672167601', 'Guglielma', 'Meaddowcroft', str_to_date('16/01/1970', '%d/%m/%Y'), 'gmeaddowcroft2y@samsung.com', '+234 522 323 1293', str_to_date('16/04/2018', '%d/%m/%Y'), 'Nurse');
INSERT INTO Staff(AMKA, first_name, last_name, date_of_birth, email, phone_number, hire_date, staff_type) VALUES ('36972183989', 'Adolph', 'Fattore', str_to_date('24/02/1925', '%d/%m/%Y'), 'afattore2z@jiathis.com', '+502 692 227 4782', str_to_date('30/03/2015', '%d/%m/%Y'), 'Nurse');
INSERT INTO Staff(AMKA, first_name, last_name, date_of_birth, email, phone_number, hire_date, staff_type) VALUES ('43489085964', 'Florella', 'Hamly', str_to_date('12/02/1927', '%d/%m/%Y'), 'fhamly30@twitpic.com', '+506 796 526 5266', str_to_date('23/05/1935', '%d/%m/%Y'), 'Nurse');
INSERT INTO Staff(AMKA, first_name, last_name, date_of_birth, email, phone_number, hire_date, staff_type) VALUES ('33585302746', 'Alexandro', 'Halgarth', str_to_date('27/09/1921', '%d/%m/%Y'), 'ahalgarth31@rambler.ru', '+48 973 914 5841', str_to_date('17/02/1967', '%d/%m/%Y'), 'Nurse');
INSERT INTO Staff(AMKA, first_name, last_name, date_of_birth, email, phone_number, hire_date, staff_type) VALUES ('43855315890', 'Augustine', 'Chatt', str_to_date('10/03/1983', '%d/%m/%Y'), 'achatt32@vk.com', '+86 563 954 5822', str_to_date('02/01/2011', '%d/%m/%Y'), 'Nurse');
INSERT INTO Staff(AMKA, first_name, last_name, date_of_birth, email, phone_number, hire_date, staff_type) VALUES ('40478254430', 'Darrick', 'Penas', str_to_date('13/07/1960', '%d/%m/%Y'), 'dpenas33@naver.com', '+46 612 380 9027', str_to_date('21/07/2008', '%d/%m/%Y'), 'Nurse');
INSERT INTO Staff(AMKA, first_name, last_name, date_of_birth, email, phone_number, hire_date, staff_type) VALUES ('39157947136', 'Olivia', 'Reignard', str_to_date('13/09/1957', '%d/%m/%Y'), 'oreignard34@cnet.com', '+92 946 156 5422', str_to_date('01/10/1986', '%d/%m/%Y'), 'Nurse');
INSERT INTO Staff(AMKA, first_name, last_name, date_of_birth, email, phone_number, hire_date, staff_type) VALUES ('40942446020', 'Mord', 'Mangeon', str_to_date('01/05/1998', '%d/%m/%Y'), 'mmangeon35@ihg.com', '+380 644 304 2934', str_to_date('16/10/2024', '%d/%m/%Y'), 'Nurse');
INSERT INTO Staff(AMKA, first_name, last_name, date_of_birth, email, phone_number, hire_date, staff_type) VALUES ('37516530668', 'Sanson', 'Lockhurst', str_to_date('03/07/1992', '%d/%m/%Y'), 'slockhurst36@cnbc.com', '+46 265 967 9588', str_to_date('19/05/1989', '%d/%m/%Y'), 'Nurse');
INSERT INTO Staff(AMKA, first_name, last_name, date_of_birth, email, phone_number, hire_date, staff_type) VALUES ('43174802644', 'Maryann', 'Heaps', str_to_date('23/04/1986', '%d/%m/%Y'), 'mheaps37@wikipedia.org', '+251 418 913 2028', str_to_date('16/04/1971', '%d/%m/%Y'), 'Nurse');
INSERT INTO Staff(AMKA, first_name, last_name, date_of_birth, email, phone_number, hire_date, staff_type) VALUES ('38617900990', 'Wyatan', 'Jacobowits', str_to_date('27/06/1959', '%d/%m/%Y'), 'wjacobowits38@bravesites.com', '+351 773 738 1905', str_to_date('20/01/1937', '%d/%m/%Y'), 'Nurse');
INSERT INTO Staff(AMKA, first_name, last_name, date_of_birth, email, phone_number, hire_date, staff_type) VALUES ('41959229743', 'Sascha', 'Colchett', str_to_date('27/12/1930', '%d/%m/%Y'), 'scolchett39@flavors.me', '+52 602 339 6431', str_to_date('09/07/1999', '%d/%m/%Y'), 'Nurse');
INSERT INTO Staff(AMKA, first_name, last_name, date_of_birth, email, phone_number, hire_date, staff_type) VALUES ('40115253738', 'Leyla', 'Tebbe', str_to_date('12/02/1932', '%d/%m/%Y'), 'ltebbe3a@wp.com', '+63 154 543 6648', str_to_date('30/08/1975', '%d/%m/%Y'), 'Nurse');
INSERT INTO Staff(AMKA, first_name, last_name, date_of_birth, email, phone_number, hire_date, staff_type) VALUES ('40443867259', 'Mira', 'Greeno', str_to_date('23/02/1989', '%d/%m/%Y'), 'mgreeno3b@weibo.com', '+351 191 892 6452', str_to_date('15/07/1949', '%d/%m/%Y'), 'Nurse');
INSERT INTO Staff(AMKA, first_name, last_name, date_of_birth, email, phone_number, hire_date, staff_type) VALUES ('34134741295', 'Pammi', 'Simes', str_to_date('22/05/1990', '%d/%m/%Y'), 'psimes3c@nps.gov', '+62 187 215 3253', str_to_date('10/05/2016', '%d/%m/%Y'), 'Nurse');
INSERT INTO Staff(AMKA, first_name, last_name, date_of_birth, email, phone_number, hire_date, staff_type) VALUES ('34568717300', 'Chelsy', 'Eynaud', str_to_date('27/03/1997', '%d/%m/%Y'), 'ceynaud3d@bloglines.com', '+33 541 606 7169', str_to_date('17/09/1957', '%d/%m/%Y'), 'Nurse');
INSERT INTO Staff(AMKA, first_name, last_name, date_of_birth, email, phone_number, hire_date, staff_type) VALUES ('40146831464', 'Hannah', 'Abramov', str_to_date('09/09/1988', '%d/%m/%Y'), 'habramov3e@upenn.edu', '+359 806 298 0126', str_to_date('25/04/1946', '%d/%m/%Y'), 'Nurse');
INSERT INTO Staff(AMKA, first_name, last_name, date_of_birth, email, phone_number, hire_date, staff_type) VALUES ('35848576023', 'Alaric', 'Filippucci', str_to_date('10/07/1919', '%d/%m/%Y'), 'afilippucci3f@wired.com', '+7 700 971 0059', str_to_date('18/06/1949', '%d/%m/%Y'), 'Nurse');
INSERT INTO Staff(AMKA, first_name, last_name, date_of_birth, email, phone_number, hire_date, staff_type) VALUES ('40756505301', 'Hester', 'Ell', str_to_date('19/11/1950', '%d/%m/%Y'), 'hell3g@google.fr', '+33 794 184 2409', str_to_date('19/12/1928', '%d/%m/%Y'), 'Nurse');
INSERT INTO Staff(AMKA, first_name, last_name, date_of_birth, email, phone_number, hire_date, staff_type) VALUES ('39760161684', 'Orland', 'Hymers', str_to_date('12/02/1919', '%d/%m/%Y'), 'ohymers3h@exblog.jp', '+62 236 285 9116', str_to_date('29/07/2024', '%d/%m/%Y'), 'Nurse');
INSERT INTO Staff(AMKA, first_name, last_name, date_of_birth, email, phone_number, hire_date, staff_type) VALUES ('40750520055', 'Alfred', 'Syres', str_to_date('07/05/1957', '%d/%m/%Y'), 'asyres3i@businessweek.com', '+352 547 962 6983', str_to_date('11/07/2019', '%d/%m/%Y'), 'Nurse');
INSERT INTO Staff(AMKA, first_name, last_name, date_of_birth, email, phone_number, hire_date, staff_type) VALUES ('42839412476', 'Brenda', 'Brilon', str_to_date('04/01/1981', '%d/%m/%Y'), 'bbrilon3j@nytimes.com', '+55 172 660 0780', str_to_date('16/06/1970', '%d/%m/%Y'), 'Nurse');
INSERT INTO Staff(AMKA, first_name, last_name, date_of_birth, email, phone_number, hire_date, staff_type) VALUES ('42402610761', 'Terri', 'Taffie', str_to_date('31/10/1970', '%d/%m/%Y'), 'ttaffie3k@netlog.com', '+420 210 516 0412', str_to_date('03/08/2025', '%d/%m/%Y'), 'Nurse');
INSERT INTO Staff(AMKA, first_name, last_name, date_of_birth, email, phone_number, hire_date, staff_type) VALUES ('42528397968', 'Arabel', 'Bottinelli', str_to_date('19/06/1922', '%d/%m/%Y'), 'abottinelli3l@simplemachines.org', '+62 116 681 8375', str_to_date('27/10/1966', '%d/%m/%Y'), 'Nurse');
INSERT INTO Staff(AMKA, first_name, last_name, date_of_birth, email, phone_number, hire_date, staff_type) VALUES ('35717363294', 'Pen', 'Hinsche', str_to_date('03/11/1929', '%d/%m/%Y'), 'phinsche3m@irs.gov', '+241 243 954 7714', str_to_date('12/12/1965', '%d/%m/%Y'), 'Nurse');
INSERT INTO Staff(AMKA, first_name, last_name, date_of_birth, email, phone_number, hire_date, staff_type) VALUES ('35375853502', 'Joelly', 'Pendall', str_to_date('02/02/1940', '%d/%m/%Y'), 'jpendall3n@vk.com', '+353 940 758 5885', str_to_date('18/08/2016', '%d/%m/%Y'), 'Nurse');
INSERT INTO Staff(AMKA, first_name, last_name, date_of_birth, email, phone_number, hire_date, staff_type) VALUES ('43073903666', 'Neel', 'Oosthout de Vree', str_to_date('17/02/1922', '%d/%m/%Y'), 'noosthoutdevree3o@adobe.com', '+420 491 984 0594', str_to_date('17/02/1930', '%d/%m/%Y'), 'Nurse');
INSERT INTO Staff(AMKA, first_name, last_name, date_of_birth, email, phone_number, hire_date, staff_type) VALUES ('35507496937', 'Danni', 'Trasler', str_to_date('15/06/1970', '%d/%m/%Y'), 'dtrasler3p@forbes.com', '+62 246 611 6549', str_to_date('14/03/2025', '%d/%m/%Y'), 'Nurse');
INSERT INTO Staff(AMKA, first_name, last_name, date_of_birth, email, phone_number, hire_date, staff_type) VALUES ('36177767528', 'Thibaut', 'Laxston', str_to_date('25/05/1996', '%d/%m/%Y'), 'tlaxston3q@bravesites.com', '+54 361 208 9334', str_to_date('27/04/1943', '%d/%m/%Y'), 'Nurse');
INSERT INTO Staff(AMKA, first_name, last_name, date_of_birth, email, phone_number, hire_date, staff_type) VALUES ('42075054961', 'Larine', 'Lovering', str_to_date('08/09/1925', '%d/%m/%Y'), 'llovering3r@goo.ne.jp', '+86 477 870 8263', str_to_date('07/11/1985', '%d/%m/%Y'), 'Nurse');
INSERT INTO Staff(AMKA, first_name, last_name, date_of_birth, email, phone_number, hire_date, staff_type) VALUES ('44279423625', 'Krystal', 'Riseborough', str_to_date('14/10/1991', '%d/%m/%Y'), 'kriseborough3s@topsy.com', '+385 412 641 4169', str_to_date('02/06/2023', '%d/%m/%Y'), 'Nurse');
INSERT INTO Staff(AMKA, first_name, last_name, date_of_birth, email, phone_number, hire_date, staff_type) VALUES ('39853924644', 'Nahum', 'Setterington', str_to_date('24/12/1938', '%d/%m/%Y'), 'nsetterington3t@sohu.com', '+48 536 732 1971', str_to_date('25/04/1940', '%d/%m/%Y'), 'Nurse');
INSERT INTO Staff(AMKA, first_name, last_name, date_of_birth, email, phone_number, hire_date, staff_type) VALUES ('41711265594', 'Carlita', 'Spearing', str_to_date('12/04/1917', '%d/%m/%Y'), 'cspearing3u@sohu.com', '+86 877 350 8789', str_to_date('01/05/1929', '%d/%m/%Y'), 'Nurse');
INSERT INTO Staff(AMKA, first_name, last_name, date_of_birth, email, phone_number, hire_date, staff_type) VALUES ('44166860923', 'Olimpia', 'Draper', str_to_date('08/05/1992', '%d/%m/%Y'), 'odraper3v@blog.com', '+1 480 584 2717', str_to_date('17/05/1935', '%d/%m/%Y'), 'Nurse');
INSERT INTO Staff(AMKA, first_name, last_name, date_of_birth, email, phone_number, hire_date, staff_type) VALUES ('36035117546', 'Myrtie', 'Hammatt', str_to_date('20/01/1947', '%d/%m/%Y'), 'mhammatt3w@goo.ne.jp', '+30 368 303 7879', str_to_date('09/06/2001', '%d/%m/%Y'), 'Nurse');
INSERT INTO Staff(AMKA, first_name, last_name, date_of_birth, email, phone_number, hire_date, staff_type) VALUES ('43052032839', 'Nicolette', 'Southwick', str_to_date('24/03/1961', '%d/%m/%Y'), 'nsouthwick3x@cdc.gov', '+30 988 935 9217', str_to_date('14/07/1994', '%d/%m/%Y'), 'Nurse');
INSERT INTO Staff(AMKA, first_name, last_name, date_of_birth, email, phone_number, hire_date, staff_type) VALUES ('37722399128', 'Edeline', 'Camber', str_to_date('17/11/1916', '%d/%m/%Y'), 'ecamber3y@diigo.com', '+63 667 112 6992', str_to_date('08/06/1957', '%d/%m/%Y'), 'Nurse');
INSERT INTO Staff(AMKA, first_name, last_name, date_of_birth, email, phone_number, hire_date, staff_type) VALUES ('33613002765', 'Colleen', 'Pedgrift', str_to_date('15/01/1996', '%d/%m/%Y'), 'cpedgrift3z@acquirethisname.com', '+7 456 151 2563', str_to_date('13/07/1970', '%d/%m/%Y'), 'Nurse');
INSERT INTO Staff(AMKA, first_name, last_name, date_of_birth, email, phone_number, hire_date, staff_type) VALUES ('39568348393', 'Eden', 'Shitliffe', str_to_date('08/06/1964', '%d/%m/%Y'), 'eshitliffe40@twitter.com', '+86 421 850 9226', str_to_date('16/02/2018', '%d/%m/%Y'), 'Nurse');
INSERT INTO Staff(AMKA, first_name, last_name, date_of_birth, email, phone_number, hire_date, staff_type) VALUES ('34079723613', 'Randa', 'Briton', str_to_date('23/05/1998', '%d/%m/%Y'), 'rbriton41@reference.com', '+56 539 253 1809', str_to_date('10/04/1982', '%d/%m/%Y'), 'Nurse');
INSERT INTO Staff(AMKA, first_name, last_name, date_of_birth, email, phone_number, hire_date, staff_type) VALUES ('40425455128', 'Ekaterina', 'Lowrey', str_to_date('14/05/1973', '%d/%m/%Y'), 'elowrey42@artisteer.com', '+63 659 531 2061', str_to_date('05/07/2007', '%d/%m/%Y'), 'Nurse');
INSERT INTO Staff(AMKA, first_name, last_name, date_of_birth, email, phone_number, hire_date, staff_type) VALUES ('34314827906', 'Grantley', 'Orum', str_to_date('09/02/1935', '%d/%m/%Y'), 'gorum43@liveinternet.ru', '+81 875 371 0102', str_to_date('31/10/1995', '%d/%m/%Y'), 'Nurse');
INSERT INTO Staff(AMKA, first_name, last_name, date_of_birth, email, phone_number, hire_date, staff_type) VALUES ('35181211524', 'Elysha', 'Bellis', str_to_date('08/10/1961', '%d/%m/%Y'), 'ebellis44@guardian.co.uk', '+262 152 833 5428', str_to_date('17/09/1954', '%d/%m/%Y'), 'Nurse');
INSERT INTO Staff(AMKA, first_name, last_name, date_of_birth, email, phone_number, hire_date, staff_type) VALUES ('37141624904', 'Padgett', 'McMychem', str_to_date('23/01/1920', '%d/%m/%Y'), 'pmcmychem45@unesco.org', '+33 894 728 1168', str_to_date('27/03/1941', '%d/%m/%Y'), 'Nurse');
INSERT INTO Staff(AMKA, first_name, last_name, date_of_birth, email, phone_number, hire_date, staff_type) VALUES ('37125902780', 'Elmo', 'Batsford', str_to_date('14/06/1999', '%d/%m/%Y'), 'ebatsford46@jugem.jp', '+7 770 233 5298', str_to_date('11/09/1963', '%d/%m/%Y'), 'Nurse');
INSERT INTO Staff(AMKA, first_name, last_name, date_of_birth, email, phone_number, hire_date, staff_type) VALUES ('44135795380', 'Pepe', 'Bellworthy', str_to_date('23/01/1978', '%d/%m/%Y'), 'pbellworthy47@hexun.com', '+52 353 623 7131', str_to_date('26/01/1966', '%d/%m/%Y'), 'Nurse');
INSERT INTO Staff(AMKA, first_name, last_name, date_of_birth, email, phone_number, hire_date, staff_type) VALUES ('41781279646', 'Lezley', 'Smieton', str_to_date('31/01/1939', '%d/%m/%Y'), 'lsmieton48@zdnet.com', '+967 341 499 1080', str_to_date('24/01/1946', '%d/%m/%Y'), 'Nurse');
INSERT INTO Staff(AMKA, first_name, last_name, date_of_birth, email, phone_number, hire_date, staff_type) VALUES ('34605582703', 'Rivkah', 'MacNamee', str_to_date('28/10/1992', '%d/%m/%Y'), 'rmacnamee49@cpanel.net', '+7 825 329 1620', str_to_date('01/08/1999', '%d/%m/%Y'), 'Nurse');
INSERT INTO Staff(AMKA, first_name, last_name, date_of_birth, email, phone_number, hire_date, staff_type) VALUES ('37960307864', 'Marie-jeanne', 'Lavis', str_to_date('25/09/1988', '%d/%m/%Y'), 'mlavis4a@parallels.com', '+1 562 133 4175', str_to_date('12/08/1966', '%d/%m/%Y'), 'Nurse');
INSERT INTO Staff(AMKA, first_name, last_name, date_of_birth, email, phone_number, hire_date, staff_type) VALUES ('34759584420', 'Lianne', 'Sokell', str_to_date('21/03/1987', '%d/%m/%Y'), 'lsokell4b@moonfruit.com', '+86 958 554 2574', str_to_date('11/11/1976', '%d/%m/%Y'), 'Nurse');
INSERT INTO Staff(AMKA, first_name, last_name, date_of_birth, email, phone_number, hire_date, staff_type) VALUES ('41727782696', 'Lyndell', 'Orcas', str_to_date('20/06/1991', '%d/%m/%Y'), 'lorcas4c@amazon.co.jp', '+86 158 107 9921', str_to_date('17/09/1943', '%d/%m/%Y'), 'Nurse');
INSERT INTO Staff(AMKA, first_name, last_name, date_of_birth, email, phone_number, hire_date, staff_type) VALUES ('35158509576', 'Jaymee', 'Marrison', str_to_date('23/11/1939', '%d/%m/%Y'), 'jmarrison4d@yandex.ru', '+62 982 170 3968', str_to_date('14/03/1932', '%d/%m/%Y'), 'Nurse');
INSERT INTO Staff(AMKA, first_name, last_name, date_of_birth, email, phone_number, hire_date, staff_type) VALUES ('34692487174', 'Edd', 'Lesly', str_to_date('24/12/1937', '%d/%m/%Y'), 'elesly4e@geocities.jp', '+55 940 914 0100', str_to_date('24/06/2023', '%d/%m/%Y'), 'Nurse');
INSERT INTO Staff(AMKA, first_name, last_name, date_of_birth, email, phone_number, hire_date, staff_type) VALUES ('34666766340', 'Oralee', 'Guyonnet', str_to_date('13/06/1972', '%d/%m/%Y'), 'oguyonnet4f@gov.uk', '+387 804 822 0708', str_to_date('22/08/1972', '%d/%m/%Y'), 'Nurse');
INSERT INTO Staff(AMKA, first_name, last_name, date_of_birth, email, phone_number, hire_date, staff_type) VALUES ('38127979678', 'Clementina', 'Mico', str_to_date('02/07/1988', '%d/%m/%Y'), 'cmico4g@sun.com', '+48 753 537 7449', str_to_date('11/11/2013', '%d/%m/%Y'), 'Administrative Staff');
INSERT INTO Staff(AMKA, first_name, last_name, date_of_birth, email, phone_number, hire_date, staff_type) VALUES ('33848373536', 'Samara', 'O'Cassidy', str_to_date('06/03/1927', '%d/%m/%Y'), 'socassidy4h@live.com', '+380 320 295 5103', str_to_date('07/03/1983', '%d/%m/%Y'), 'Administrative Staff');
INSERT INTO Staff(AMKA, first_name, last_name, date_of_birth, email, phone_number, hire_date, staff_type) VALUES ('38105250000', 'Pren', 'Lackner', str_to_date('20/04/1960', '%d/%m/%Y'), 'plackner4i@examiner.com', '+48 912 698 9670', str_to_date('25/04/1932', '%d/%m/%Y'), 'Administrative Staff');
INSERT INTO Staff(AMKA, first_name, last_name, date_of_birth, email, phone_number, hire_date, staff_type) VALUES ('38347833929', 'Irene', 'Baglin', str_to_date('12/09/1922', '%d/%m/%Y'), 'ibaglin4j@tiny.cc', '+86 797 825 8398', str_to_date('09/11/1950', '%d/%m/%Y'), 'Administrative Staff');
INSERT INTO Staff(AMKA, first_name, last_name, date_of_birth, email, phone_number, hire_date, staff_type) VALUES ('43010937125', 'Madlen', 'Alflat', str_to_date('05/04/1952', '%d/%m/%Y'), 'malflat4k@merriam-webster.com', '+62 525 106 7679', str_to_date('02/03/1955', '%d/%m/%Y'), 'Administrative Staff');
INSERT INTO Staff(AMKA, first_name, last_name, date_of_birth, email, phone_number, hire_date, staff_type) VALUES ('34876327116', 'Dana', 'Simeone', str_to_date('28/03/1959', '%d/%m/%Y'), 'dsimeone4l@unesco.org', '+81 816 194 8619', str_to_date('28/05/1937', '%d/%m/%Y'), 'Administrative Staff');
INSERT INTO Staff(AMKA, first_name, last_name, date_of_birth, email, phone_number, hire_date, staff_type) VALUES ('42111937442', 'Goddard', 'Matisoff', str_to_date('13/01/1925', '%d/%m/%Y'), 'gmatisoff4m@about.me', '+86 208 965 4435', str_to_date('29/10/2006', '%d/%m/%Y'), 'Administrative Staff');
INSERT INTO Staff(AMKA, first_name, last_name, date_of_birth, email, phone_number, hire_date, staff_type) VALUES ('38692435802', 'Cornelia', 'Sture', str_to_date('30/04/1985', '%d/%m/%Y'), 'csture4n@illinois.edu', '+86 485 371 5935', str_to_date('14/12/1930', '%d/%m/%Y'), 'Administrative Staff');
INSERT INTO Staff(AMKA, first_name, last_name, date_of_birth, email, phone_number, hire_date, staff_type) VALUES ('40337925983', 'Salomo', 'Ingle', str_to_date('04/01/2002', '%d/%m/%Y'), 'single4o@abc.net.au', '+7 942 384 7570', str_to_date('06/03/1960', '%d/%m/%Y'), 'Administrative Staff');
INSERT INTO Staff(AMKA, first_name, last_name, date_of_birth, email, phone_number, hire_date, staff_type) VALUES ('34619863975', 'Christyna', 'Ferrieri', str_to_date('30/07/1984', '%d/%m/%Y'), 'cferrieri4p@youtube.com', '+62 886 701 5465', str_to_date('29/10/1982', '%d/%m/%Y'), 'Administrative Staff');
INSERT INTO Staff(AMKA, first_name, last_name, date_of_birth, email, phone_number, hire_date, staff_type) VALUES ('40356703225', 'Dulcie', 'Brodeau', str_to_date('24/06/1925', '%d/%m/%Y'), 'dbrodeau4q@hostgator.com', '+46 932 521 5006', str_to_date('27/01/2017', '%d/%m/%Y'), 'Administrative Staff');
INSERT INTO Staff(AMKA, first_name, last_name, date_of_birth, email, phone_number, hire_date, staff_type) VALUES ('41468688198', 'Sax', 'Guslon', str_to_date('23/05/1991', '%d/%m/%Y'), 'sguslon4r@harvard.edu', '+420 348 244 3436', str_to_date('16/10/1929', '%d/%m/%Y'), 'Administrative Staff');
INSERT INTO Staff(AMKA, first_name, last_name, date_of_birth, email, phone_number, hire_date, staff_type) VALUES ('34920060387', 'Calypso', 'Bootherstone', str_to_date('07/05/1987', '%d/%m/%Y'), 'cbootherstone4s@ebay.co.uk', '+51 738 852 5949', str_to_date('20/07/1999', '%d/%m/%Y'), 'Administrative Staff');
INSERT INTO Staff(AMKA, first_name, last_name, date_of_birth, email, phone_number, hire_date, staff_type) VALUES ('42131117444', 'Arly', 'Thunderchief', str_to_date('30/12/1949', '%d/%m/%Y'), 'athunderchief4t@pcworld.com', '+92 692 799 8712', str_to_date('06/12/1940', '%d/%m/%Y'), 'Administrative Staff');
INSERT INTO Staff(AMKA, first_name, last_name, date_of_birth, email, phone_number, hire_date, staff_type) VALUES ('40806376913', 'Dollie', 'Halburton', str_to_date('13/04/1923', '%d/%m/%Y'), 'dhalburton4u@smh.com.au', '+1 303 577 8342', str_to_date('10/10/1955', '%d/%m/%Y'), 'Administrative Staff');
INSERT INTO Staff(AMKA, first_name, last_name, date_of_birth, email, phone_number, hire_date, staff_type) VALUES ('43312582697', 'August', 'Mearing', str_to_date('05/06/1929', '%d/%m/%Y'), 'amearing4v@house.gov', '+220 985 469 8864', str_to_date('17/01/1984', '%d/%m/%Y'), 'Administrative Staff');
INSERT INTO Staff(AMKA, first_name, last_name, date_of_birth, email, phone_number, hire_date, staff_type) VALUES ('38745062456', 'Hiram', 'Smedmoor', str_to_date('18/01/1961', '%d/%m/%Y'), 'hsmedmoor4w@reuters.com', '+92 420 627 5413', str_to_date('30/11/1972', '%d/%m/%Y'), 'Administrative Staff');
INSERT INTO Staff(AMKA, first_name, last_name, date_of_birth, email, phone_number, hire_date, staff_type) VALUES ('39623438670', 'Kaspar', 'Hunnybun', str_to_date('19/11/1921', '%d/%m/%Y'), 'khunnybun4x@auda.org.au', '+7 651 492 2373', str_to_date('05/10/2003', '%d/%m/%Y'), 'Administrative Staff');
INSERT INTO Staff(AMKA, first_name, last_name, date_of_birth, email, phone_number, hire_date, staff_type) VALUES ('34583237581', 'Georgianne', 'McClinton', str_to_date('30/12/1931', '%d/%m/%Y'), 'gmcclinton4y@printfriendly.com', '+374 286 186 2814', str_to_date('01/09/2003', '%d/%m/%Y'), 'Administrative Staff');
INSERT INTO Staff(AMKA, first_name, last_name, date_of_birth, email, phone_number, hire_date, staff_type) VALUES ('43725143654', 'Arley', 'Meedendorpe', str_to_date('28/11/1943', '%d/%m/%Y'), 'ameedendorpe4z@flickr.com', '+7 234 431 9276', str_to_date('10/06/2023', '%d/%m/%Y'), 'Administrative Staff');
INSERT INTO Staff(AMKA, first_name, last_name, date_of_birth, email, phone_number, hire_date, staff_type) VALUES ('35845669267', 'Gaye', 'Geraldini', str_to_date('16/05/1963', '%d/%m/%Y'), 'ggeraldini50@usa.gov', '+58 108 944 5332', str_to_date('09/10/2008', '%d/%m/%Y'), 'Administrative Staff');
INSERT INTO Staff(AMKA, first_name, last_name, date_of_birth, email, phone_number, hire_date, staff_type) VALUES ('37887130636', 'Johnny', 'Heiden', str_to_date('02/06/1926', '%d/%m/%Y'), 'jheiden51@artisteer.com', '+230 584 593 5539', str_to_date('18/06/1987', '%d/%m/%Y'), 'Administrative Staff');
INSERT INTO Staff(AMKA, first_name, last_name, date_of_birth, email, phone_number, hire_date, staff_type) VALUES ('40232799780', 'Adan', 'Dowry', str_to_date('28/10/1925', '%d/%m/%Y'), 'adowry52@washingtonpost.com', '+46 303 833 9177', str_to_date('01/06/2005', '%d/%m/%Y'), 'Administrative Staff');
INSERT INTO Staff(AMKA, first_name, last_name, date_of_birth, email, phone_number, hire_date, staff_type) VALUES ('41474688437', 'Lou', 'Tournie', str_to_date('22/04/1959', '%d/%m/%Y'), 'ltournie53@cbslocal.com', '+594 853 244 7551', str_to_date('17/09/1969', '%d/%m/%Y'), 'Administrative Staff');
INSERT INTO Staff(AMKA, first_name, last_name, date_of_birth, email, phone_number, hire_date, staff_type) VALUES ('39799809836', 'Ruthy', 'Haslock', str_to_date('24/06/1934', '%d/%m/%Y'), 'rhaslock54@amazon.de', '+420 144 312 6401', str_to_date('13/04/1957', '%d/%m/%Y'), 'Administrative Staff');
INSERT INTO Staff(AMKA, first_name, last_name, date_of_birth, email, phone_number, hire_date, staff_type) VALUES ('35226658010', 'Sawyere', 'Roundtree', str_to_date('25/08/1953', '%d/%m/%Y'), 'sroundtree55@auda.org.au', '+27 243 706 0451', str_to_date('24/08/1983', '%d/%m/%Y'), 'Administrative Staff');
INSERT INTO Staff(AMKA, first_name, last_name, date_of_birth, email, phone_number, hire_date, staff_type) VALUES ('34810442792', 'Norean', 'Macieja', str_to_date('27/04/1920', '%d/%m/%Y'), 'nmacieja56@wikia.com', '+503 686 366 1357', str_to_date('08/07/1942', '%d/%m/%Y'), 'Administrative Staff');
INSERT INTO Staff(AMKA, first_name, last_name, date_of_birth, email, phone_number, hire_date, staff_type) VALUES ('37939229346', 'Abba', 'Simoni', str_to_date('11/10/1993', '%d/%m/%Y'), 'asimoni57@twitter.com', '+7 366 977 5664', str_to_date('01/10/1943', '%d/%m/%Y'), 'Administrative Staff');
INSERT INTO Staff(AMKA, first_name, last_name, date_of_birth, email, phone_number, hire_date, staff_type) VALUES ('36070993227', 'Elwin', 'Horlick', str_to_date('27/02/1943', '%d/%m/%Y'), 'ehorlick58@woothemes.com', '+358 730 841 7799', str_to_date('10/04/1987', '%d/%m/%Y'), 'Administrative Staff');
INSERT INTO Staff(AMKA, first_name, last_name, date_of_birth, email, phone_number, hire_date, staff_type) VALUES ('43483657091', 'Andrej', 'De Vaux', str_to_date('17/12/1922', '%d/%m/%Y'), 'adevaux59@guardian.co.uk', '+593 660 473 2296', str_to_date('08/12/1959', '%d/%m/%Y'), 'Administrative Staff');
INSERT INTO Staff(AMKA, first_name, last_name, date_of_birth, email, phone_number, hire_date, staff_type) VALUES ('38057343520', 'Leopold', 'Trundler', str_to_date('27/01/1961', '%d/%m/%Y'), 'ltrundler5a@ucla.edu', '+45 797 603 9252', str_to_date('31/12/1977', '%d/%m/%Y'), 'Administrative Staff');
INSERT INTO Staff(AMKA, first_name, last_name, date_of_birth, email, phone_number, hire_date, staff_type) VALUES ('38272810115', 'Tamera', 'Chisnell', str_to_date('27/10/1982', '%d/%m/%Y'), 'tchisnell5b@squarespace.com', '+86 395 137 0330', str_to_date('19/12/2023', '%d/%m/%Y'), 'Administrative Staff');
INSERT INTO Staff(AMKA, first_name, last_name, date_of_birth, email, phone_number, hire_date, staff_type) VALUES ('41565181025', 'Chad', 'Slegg', str_to_date('18/07/1978', '%d/%m/%Y'), 'cslegg5c@rakuten.co.jp', '+62 501 229 4328', str_to_date('21/11/2010', '%d/%m/%Y'), 'Administrative Staff');
INSERT INTO Staff(AMKA, first_name, last_name, date_of_birth, email, phone_number, hire_date, staff_type) VALUES ('33673308699', 'Wake', 'Dorricott', str_to_date('08/03/1989', '%d/%m/%Y'), 'wdorricott5d@nifty.com', '+387 900 266 4371', str_to_date('14/06/1985', '%d/%m/%Y'), 'Administrative Staff');
INSERT INTO Staff(AMKA, first_name, last_name, date_of_birth, email, phone_number, hire_date, staff_type) VALUES ('40253175963', 'Eddy', 'Fitzpayn', str_to_date('07/05/1937', '%d/%m/%Y'), 'efitzpayn5e@weather.com', '+242 230 456 6059', str_to_date('17/04/1970', '%d/%m/%Y'), 'Administrative Staff');
INSERT INTO Staff(AMKA, first_name, last_name, date_of_birth, email, phone_number, hire_date, staff_type) VALUES ('33566405940', 'Konstanze', 'McHaffy', str_to_date('23/11/1982', '%d/%m/%Y'), 'kmchaffy5f@economist.com', '+86 263 920 6954', str_to_date('28/07/2021', '%d/%m/%Y'), 'Administrative Staff');
INSERT INTO Staff(AMKA, first_name, last_name, date_of_birth, email, phone_number, hire_date, staff_type) VALUES ('42762961710', 'Durante', 'Bruckmann', str_to_date('20/01/1958', '%d/%m/%Y'), 'dbruckmann5g@tuttocitta.it', '+48 295 637 2240', str_to_date('05/10/1995', '%d/%m/%Y'), 'Administrative Staff');
INSERT INTO Staff(AMKA, first_name, last_name, date_of_birth, email, phone_number, hire_date, staff_type) VALUES ('37104454155', 'Reine', 'Hadlow', str_to_date('10/05/1962', '%d/%m/%Y'), 'rhadlow5h@redcross.org', '+86 993 219 5386', str_to_date('27/06/2007', '%d/%m/%Y'), 'Administrative Staff');
INSERT INTO Staff(AMKA, first_name, last_name, date_of_birth, email, phone_number, hire_date, staff_type) VALUES ('43989093891', 'Kissee', 'Caddens', str_to_date('24/03/1938', '%d/%m/%Y'), 'kcaddens5i@posterous.com', '+62 465 631 0070', str_to_date('25/02/1983', '%d/%m/%Y'), 'Administrative Staff');
INSERT INTO Staff(AMKA, first_name, last_name, date_of_birth, email, phone_number, hire_date, staff_type) VALUES ('44040880200', 'Philis', 'Duffus', str_to_date('03/08/1981', '%d/%m/%Y'), 'pduffus5j@studiopress.com', '+52 552 154 2373', str_to_date('20/06/2025', '%d/%m/%Y'), 'Administrative Staff');
INSERT INTO Staff(AMKA, first_name, last_name, date_of_birth, email, phone_number, hire_date, staff_type) VALUES ('37263418187', 'Selina', 'Crannell', str_to_date('13/04/1968', '%d/%m/%Y'), 'scrannell5k@dion.ne.jp', '+420 940 121 5709', str_to_date('12/04/1970', '%d/%m/%Y'), 'Administrative Staff');
INSERT INTO Staff(AMKA, first_name, last_name, date_of_birth, email, phone_number, hire_date, staff_type) VALUES ('42945289091', 'Marie-jeanne', 'Mettrick', str_to_date('17/08/1960', '%d/%m/%Y'), 'mmettrick5l@un.org', '+86 784 948 4335', str_to_date('06/02/1935', '%d/%m/%Y'), 'Administrative Staff');
INSERT INTO Staff(AMKA, first_name, last_name, date_of_birth, email, phone_number, hire_date, staff_type) VALUES ('42844691914', 'Nydia', 'Marques', str_to_date('25/10/1995', '%d/%m/%Y'), 'nmarques5m@irs.gov', '+57 575 239 1382', str_to_date('06/06/1963', '%d/%m/%Y'), 'Administrative Staff');
INSERT INTO Staff(AMKA, first_name, last_name, date_of_birth, email, phone_number, hire_date, staff_type) VALUES ('40530787281', 'Nonah', 'Firebrace', str_to_date('21/04/1952', '%d/%m/%Y'), 'nfirebrace5n@usa.gov', '+7 433 709 7123', str_to_date('04/04/1987', '%d/%m/%Y'), 'Administrative Staff');
INSERT INTO Staff(AMKA, first_name, last_name, date_of_birth, email, phone_number, hire_date, staff_type) VALUES ('41296700859', 'Terrie', 'Tysall', str_to_date('23/07/2001', '%d/%m/%Y'), 'ttysall5o@google.ru', '+86 884 583 4000', str_to_date('18/08/2018', '%d/%m/%Y'), 'Administrative Staff');
INSERT INTO Staff(AMKA, first_name, last_name, date_of_birth, email, phone_number, hire_date, staff_type) VALUES ('39579056462', 'Theda', 'Jenkerson', str_to_date('21/04/1961', '%d/%m/%Y'), 'tjenkerson5p@123-reg.co.uk', '+967 592 921 2893', str_to_date('14/03/1935', '%d/%m/%Y'), 'Administrative Staff');
INSERT INTO Staff(AMKA, first_name, last_name, date_of_birth, email, phone_number, hire_date, staff_type) VALUES ('33600809021', 'Lyndsay', 'Cromwell', str_to_date('07/11/1990', '%d/%m/%Y'), 'lcromwell5q@ftc.gov', '+86 862 918 2001', str_to_date('24/02/1964', '%d/%m/%Y'), 'Administrative Staff');
INSERT INTO Staff(AMKA, first_name, last_name, date_of_birth, email, phone_number, hire_date, staff_type) VALUES ('41148542407', 'Giff', 'Brett', str_to_date('20/06/2001', '%d/%m/%Y'), 'gbrett5r@trellian.com', '+62 581 997 6762', str_to_date('04/02/1985', '%d/%m/%Y'), 'Administrative Staff');
INSERT INTO Staff(AMKA, first_name, last_name, date_of_birth, email, phone_number, hire_date, staff_type) VALUES ('35570076376', 'Ravi', 'Hillburn', str_to_date('13/04/1922', '%d/%m/%Y'), 'rhillburn5s@blogspot.com', '+52 995 546 3105', str_to_date('21/12/1987', '%d/%m/%Y'), 'Administrative Staff');
INSERT INTO Staff(AMKA, first_name, last_name, date_of_birth, email, phone_number, hire_date, staff_type) VALUES ('34786416493', 'Xymenes', 'MacAless', str_to_date('22/06/1923', '%d/%m/%Y'), 'xmacaless5t@harvard.edu', '+51 653 986 8705', str_to_date('13/01/1989', '%d/%m/%Y'), 'Administrative Staff');
INSERT INTO Staff(AMKA, first_name, last_name, date_of_birth, email, phone_number, hire_date, staff_type) VALUES ('37215895280', 'Jillie', 'Kearle', str_to_date('04/11/1937', '%d/%m/%Y'), 'jkearle5u@studiopress.com', '+86 796 490 9111', str_to_date('12/05/1984', '%d/%m/%Y'), 'Administrative Staff');
INSERT INTO Staff(AMKA, first_name, last_name, date_of_birth, email, phone_number, hire_date, staff_type) VALUES ('44267554455', 'Obidiah', 'Deverille', str_to_date('15/04/1966', '%d/%m/%Y'), 'odeverille5v@meetup.com', '+420 307 471 1548', str_to_date('02/10/1979', '%d/%m/%Y'), 'Administrative Staff');
INSERT INTO Staff(AMKA, first_name, last_name, date_of_birth, email, phone_number, hire_date, staff_type) VALUES ('41853423366', 'Merrie', 'Yuryatin', str_to_date('13/04/1948', '%d/%m/%Y'), 'myuryatin5w@sun.com', '+386 922 845 7715', str_to_date('10/09/2011', '%d/%m/%Y'), 'Administrative Staff');
INSERT INTO Staff(AMKA, first_name, last_name, date_of_birth, email, phone_number, hire_date, staff_type) VALUES ('35826176430', 'Aggi', 'Francomb', str_to_date('01/10/1969', '%d/%m/%Y'), 'afrancomb5x@oaic.gov.au', '+62 715 522 4992', str_to_date('26/09/1961', '%d/%m/%Y'), 'Administrative Staff');
INSERT INTO Staff(AMKA, first_name, last_name, date_of_birth, email, phone_number, hire_date, staff_type) VALUES ('41861677744', 'Clare', 'D'Hooghe', str_to_date('08/03/1917', '%d/%m/%Y'), 'cdhooghe5y@si.edu', '+81 391 585 0029', str_to_date('27/12/1935', '%d/%m/%Y'), 'Administrative Staff');
INSERT INTO Staff(AMKA, first_name, last_name, date_of_birth, email, phone_number, hire_date, staff_type) VALUES ('42856964730', 'Gael', 'Cranstoun', str_to_date('18/05/1993', '%d/%m/%Y'), 'gcranstoun5z@cnbc.com', '+63 795 947 0713', str_to_date('19/03/1976', '%d/%m/%Y'), 'Administrative Staff');
INSERT INTO Staff(AMKA, first_name, last_name, date_of_birth, email, phone_number, hire_date, staff_type) VALUES ('34065046627', 'Tiphani', 'Wattins', str_to_date('12/11/1970', '%d/%m/%Y'), 'twattins60@qq.com', '+63 554 114 6422', str_to_date('21/05/2013', '%d/%m/%Y'), 'Administrative Staff');
INSERT INTO Staff(AMKA, first_name, last_name, date_of_birth, email, phone_number, hire_date, staff_type) VALUES ('41974542290', 'Yettie', 'Venney', str_to_date('26/09/1955', '%d/%m/%Y'), 'yvenney61@cisco.com', '+81 361 167 2929', str_to_date('08/05/1998', '%d/%m/%Y'), 'Administrative Staff');
INSERT INTO Staff(AMKA, first_name, last_name, date_of_birth, email, phone_number, hire_date, staff_type) VALUES ('39555332301', 'Kaitlyn', 'Ryal', str_to_date('25/04/1921', '%d/%m/%Y'), 'kryal62@blogs.com', '+353 764 419 6503', str_to_date('02/08/1925', '%d/%m/%Y'), 'Administrative Staff');
INSERT INTO Staff(AMKA, first_name, last_name, date_of_birth, email, phone_number, hire_date, staff_type) VALUES ('40277503185', 'Dell', 'Darinton', str_to_date('28/04/1918', '%d/%m/%Y'), 'ddarinton63@yandex.ru', '+47 290 897 6255', str_to_date('28/01/1971', '%d/%m/%Y'), 'Administrative Staff');
INSERT INTO Staff(AMKA, first_name, last_name, date_of_birth, email, phone_number, hire_date, staff_type) VALUES ('38328242142', 'Kath', 'Tuckie', str_to_date('20/01/1927', '%d/%m/%Y'), 'ktuckie64@zdnet.com', '+55 107 236 8722', str_to_date('03/06/1973', '%d/%m/%Y'), 'Administrative Staff');
INSERT INTO Staff(AMKA, first_name, last_name, date_of_birth, email, phone_number, hire_date, staff_type) VALUES ('34367334815', 'Tisha', 'Arter', str_to_date('16/08/1991', '%d/%m/%Y'), 'tarter65@si.edu', '+58 825 874 5596', str_to_date('25/10/1990', '%d/%m/%Y'), 'Administrative Staff');
INSERT INTO Staff(AMKA, first_name, last_name, date_of_birth, email, phone_number, hire_date, staff_type) VALUES ('44437211805', 'Nolan', 'Winsome', str_to_date('22/06/1979', '%d/%m/%Y'), 'nwinsome66@who.int', '+86 301 421 9979', str_to_date('11/08/1968', '%d/%m/%Y'), 'Administrative Staff');
INSERT INTO Staff(AMKA, first_name, last_name, date_of_birth, email, phone_number, hire_date, staff_type) VALUES ('39061076854', 'Caron', 'MacGowing', str_to_date('31/05/1992', '%d/%m/%Y'), 'cmacgowing67@delicious.com', '+63 263 241 5614', str_to_date('21/06/1967', '%d/%m/%Y'), 'Administrative Staff');
INSERT INTO Staff(AMKA, first_name, last_name, date_of_birth, email, phone_number, hire_date, staff_type) VALUES ('41215224334', 'Felisha', 'Brecon', str_to_date('17/09/2001', '%d/%m/%Y'), 'fbrecon68@feedburner.com', '+93 162 508 7606', str_to_date('07/08/2003', '%d/%m/%Y'), 'Administrative Staff');
INSERT INTO Staff(AMKA, first_name, last_name, date_of_birth, email, phone_number, hire_date, staff_type) VALUES ('42873144052', 'Elsworth', 'Iannuzzelli', str_to_date('29/03/1993', '%d/%m/%Y'), 'eiannuzzelli69@blinklist.com', '+47 152 306 5880', str_to_date('25/06/2017', '%d/%m/%Y'), 'Administrative Staff');
INSERT INTO Staff(AMKA, first_name, last_name, date_of_birth, email, phone_number, hire_date, staff_type) VALUES ('42444362900', 'Carmon', 'Duckworth', str_to_date('30/10/1975', '%d/%m/%Y'), 'cduckworth6a@reverbnation.com', '+374 996 127 5850', str_to_date('20/10/2005', '%d/%m/%Y'), 'Administrative Staff');
INSERT INTO Staff(AMKA, first_name, last_name, date_of_birth, email, phone_number, hire_date, staff_type) VALUES ('35366214070', 'Leone', 'Cathrall', str_to_date('09/12/1947', '%d/%m/%Y'), 'lcathrall6b@squarespace.com', '+33 593 743 2376', str_to_date('30/01/1940', '%d/%m/%Y'), 'Administrative Staff');
INSERT INTO Staff(AMKA, first_name, last_name, date_of_birth, email, phone_number, hire_date, staff_type) VALUES ('38343263773', 'Amandi', 'Newham', str_to_date('19/10/1972', '%d/%m/%Y'), 'anewham6c@gnu.org', '+81 895 693 8274', str_to_date('09/01/1963', '%d/%m/%Y'), 'Administrative Staff');
INSERT INTO Staff(AMKA, first_name, last_name, date_of_birth, email, phone_number, hire_date, staff_type) VALUES ('35682142012', 'Lotti', 'Ladon', str_to_date('03/04/1990', '%d/%m/%Y'), 'lladon6d@scribd.com', '+1 934 612 2710', str_to_date('03/04/1929', '%d/%m/%Y'), 'Administrative Staff');
INSERT INTO Staff(AMKA, first_name, last_name, date_of_birth, email, phone_number, hire_date, staff_type) VALUES ('37210155942', 'Lane', 'Cowlishaw', str_to_date('24/10/1986', '%d/%m/%Y'), 'lcowlishaw6e@weather.com', '+62 887 295 3122', str_to_date('03/03/1928', '%d/%m/%Y'), 'Administrative Staff');
INSERT INTO Staff(AMKA, first_name, last_name, date_of_birth, email, phone_number, hire_date, staff_type) VALUES ('43047764425', 'Sean', 'Whittek', str_to_date('21/08/1938', '%d/%m/%Y'), 'swhittek6f@lulu.com', '+81 493 246 9376', str_to_date('15/06/2003', '%d/%m/%Y'), 'Administrative Staff');
INSERT INTO Staff(AMKA, first_name, last_name, date_of_birth, email, phone_number, hire_date, staff_type) VALUES ('38143534042', 'Kerrie', 'Ratray', str_to_date('04/10/1950', '%d/%m/%Y'), 'kratray6g@examiner.com', '+55 751 372 3645', str_to_date('22/06/1961', '%d/%m/%Y'), 'Administrative Staff');
INSERT INTO Staff(AMKA, first_name, last_name, date_of_birth, email, phone_number, hire_date, staff_type) VALUES ('34198390109', 'Elsey', 'Verick', str_to_date('25/04/1931', '%d/%m/%Y'), 'everick6h@mayoclinic.com', '+62 268 829 4588', str_to_date('26/02/1954', '%d/%m/%Y'), 'Administrative Staff');
INSERT INTO Staff(AMKA, first_name, last_name, date_of_birth, email, phone_number, hire_date, staff_type) VALUES ('34360279629', 'Adelind', 'Dumphreys', str_to_date('12/02/1961', '%d/%m/%Y'), 'adumphreys6i@china.com.cn', '+387 586 969 5888', str_to_date('04/08/1966', '%d/%m/%Y'), 'Administrative Staff');
INSERT INTO Staff(AMKA, first_name, last_name, date_of_birth, email, phone_number, hire_date, staff_type) VALUES ('39188682811', 'Janey', 'Bollini', str_to_date('19/11/1993', '%d/%m/%Y'), 'jbollini6j@microsoft.com', '+33 283 915 2880', str_to_date('16/07/1956', '%d/%m/%Y'), 'Administrative Staff');
INSERT INTO Staff(AMKA, first_name, last_name, date_of_birth, email, phone_number, hire_date, staff_type) VALUES ('43626906633', 'Cissy', 'Mongan', str_to_date('04/12/1997', '%d/%m/%Y'), 'cmongan6k@theguardian.com', '+351 708 620 0097', str_to_date('03/09/1945', '%d/%m/%Y'), 'Administrative Staff');
INSERT INTO Staff(AMKA, first_name, last_name, date_of_birth, email, phone_number, hire_date, staff_type) VALUES ('33587367417', 'Yank', 'Finnan', str_to_date('13/08/1968', '%d/%m/%Y'), 'yfinnan6l@istockphoto.com', '+54 195 866 5031', str_to_date('02/10/2016', '%d/%m/%Y'), 'Administrative Staff');
INSERT INTO Staff(AMKA, first_name, last_name, date_of_birth, email, phone_number, hire_date, staff_type) VALUES ('35286137882', 'Farlay', 'Lorenzo', str_to_date('25/10/1945', '%d/%m/%Y'), 'florenzo6m@samsung.com', '+62 672 294 3122', str_to_date('25/12/1984', '%d/%m/%Y'), 'Administrative Staff');
INSERT INTO Staff(AMKA, first_name, last_name, date_of_birth, email, phone_number, hire_date, staff_type) VALUES ('37804002032', 'Loraine', 'Stoffers', str_to_date('20/09/1933', '%d/%m/%Y'), 'lstoffers6n@tripod.com', '+81 420 435 0235', str_to_date('09/05/2021', '%d/%m/%Y'), 'Administrative Staff');
