-- INSERTS FOR DEPARTMENT
INSERT INTO Department (department_code, name, description, number_of_beds, building_floor, building, department_head_AMKA) 
VALUES (66, 'Emergency department', 'Specializes in emergency medical care', 250, 3, 'Emergency department Building', NULL);
INSERT INTO Department (department_code, name, description, number_of_beds, building_floor, building, department_head_AMKA) 
VALUES (53, 'Intensive care unit', 'Specializes in ICU', 250, 4, 'Intensive care unit Building', NULL);
INSERT INTO Department (department_code, name, description, number_of_beds, building_floor, building, department_head_AMKA) 
VALUES (16, 'Medical-surgical', 'Specializes in medical-surgical care', 250, 4, 'Medical-surgical Building', NULL);
INSERT INTO Department (department_code, name, description, number_of_beds, building_floor, building, department_head_AMKA) 
VALUES (36, 'Pediatrics', 'Specializes in pediatric care', 250, 1, 'Pediatrics Building', NULL);
INSERT INTO Department (department_code, name, description, number_of_beds, building_floor, building, department_head_AMKA) 
VALUES (96, 'Oncology', 'Specializes in oncology care', 250, 4, 'Oncology Building', NULL);
INSERT INTO Department (department_code, name, description, number_of_beds, building_floor, building, department_head_AMKA) 
VALUES (35, 'Cardiology', 'Specializes in cardiology care', 250, 4, 'Cardiology Building', NULL);
INSERT INTO Department (department_code, name, description, number_of_beds, building_floor, building, department_head_AMKA)
 VALUES (10, 'Radiology', 'Specializes in radiology care', 250, 3, 'Radiology Building', NULL);
INSERT INTO Department (department_code, name, description, number_of_beds, building_floor, building, department_head_AMKA) 
VALUES (65, 'Laboratory services', 'Specializes in laboratory services', 250, 3, 'Laboratory services Building', NULL);
INSERT INTO Department (department_code, name, description, number_of_beds, building_floor, building, department_head_AMKA) 
VALUES (62, 'Pharmacy', 'Specializes in pharmacy care', 250, 4, 'Pharmacy Building', NULL);
INSERT INTO Department (department_code, name, description, number_of_beds, building_floor, building, department_head_AMKA) 
VALUES (22, 'Rehabilitation', 'Specializes in rehabilitation care', 250, 3, 'Rehabilitation Building', NULL);
INSERT INTO Department (department_code, name, description, number_of_beds, building_floor, building, department_head_AMKA) 
VALUES (68, 'Psychiatry', 'Specializes in psychiatry care', 250, 3, 'Psychiatry Building', NULL);
INSERT INTO Department (department_code, name, description, number_of_beds, building_floor, building, department_head_AMKA) 
VALUES (92, 'Dermatology', 'Specializes in dermatology care', 250, 3, 'Dermatology Building', NULL);
INSERT INTO Department (department_code, name, description, number_of_beds, building_floor, building, department_head_AMKA) 
VALUES (40, 'Gynaecology', 'Specializes in gynaecology care', 250, 1, 'Gynaecology Building', NULL);
INSERT INTO Department (department_code, name, description, number_of_beds, building_floor, building, department_head_AMKA) 
VALUES (1, 'Pathology', 'Specializes in pathology care', 250, 1, 'Pathology Building', NULL);
INSERT INTO Department (department_code, name, description, number_of_beds, building_floor, building, department_head_AMKA) 
VALUES (58, 'Ophthalmology', 'Specializes in ophthalmology care', 250, 2, 'Ophthalmology Building', NULL);


-- INSERTS FOR OPERATION ROOM
INSERT INTO Operation_room (room_number, room_type)  VALUES ('101', 'Χειρουργείο');
INSERT INTO Operation_room (room_number, room_type)  VALUES ('102', 'Χειρουργείο');
INSERT INTO Operation_room (room_number, room_type)  VALUES ('103', 'Χειρουργείο');
INSERT INTO Operation_room (room_number, room_type)  VALUES ('104', 'Χειρουργείο');
INSERT INTO Operation_room (room_number, room_type)  VALUES ('105', 'Χειρουργείο');
INSERT INTO Operation_room (room_number, room_type)  VALUES ('201','Αίθουσα Επεμβάσεων');
INSERT INTO Operation_room (room_number, room_type)  VALUES ('202','Αίθουσα Επεμβάσεων');
INSERT INTO Operation_room (room_number, room_type)  VALUES ('203','Αίθουσα Επεμβάσεων');
INSERT INTO Operation_room (room_number, room_type)  VALUES ('204','Αίθουσα Επεμβάσεων');
INSERT INTO Operation_room (room_number, room_type)  VALUES ('205','Αίθουσα Επεμβάσεων');

-- INSERTS FOR BEDS (USING PYTHON SCRIPT)
-- Beds
INSERT INTO Beds (type, status, department_code) VALUES ('Intensive Care Unit', 'Available', 66);
INSERT INTO Beds (type, status, department_code) VALUES ('Ward Room', 'Available', 53);
INSERT INTO Beds (type, status, department_code) VALUES ('Private Room', 'Occupied', 16);
INSERT INTO Beds (type, status, department_code) VALUES ('Semi-Private Room', 'Available', 36);
INSERT INTO Beds (type, status, department_code) VALUES ('Isolation Room', 'Under Maintenance', 96);
INSERT INTO Beds (type, status, department_code) VALUES ('Intensive Care Unit', 'Available', 35);
INSERT INTO Beds (type, status, department_code) VALUES ('Ward Room', 'Available', 10);
INSERT INTO Beds (type, status, department_code) VALUES ('Private Room', 'Available', 65);
INSERT INTO Beds (type, status, department_code) VALUES ('Semi-Private Room', 'Available', 62);
INSERT INTO Beds (type, status, department_code) VALUES ('Isolation Room', 'Available', 22);
INSERT INTO Beds (type, status, department_code) VALUES ('Intensive Care Unit', 'Available', 68);
INSERT INTO Beds (type, status, department_code) VALUES ('Ward Room', 'Available', 92);
INSERT INTO Beds (type, status, department_code) VALUES ('Private Room', 'Available', 40);
INSERT INTO Beds (type, status, department_code) VALUES ('Semi-Private Room', 'Available', 1);
INSERT INTO Beds (type, status, department_code) VALUES ('Isolation Room', 'Under Maintenance', 58);
INSERT INTO Beds (type, status, department_code) VALUES ('Intensive Care Unit', 'Available', 66);
INSERT INTO Beds (type, status, department_code) VALUES ('Ward Room', 'Available', 53);
INSERT INTO Beds (type, status, department_code) VALUES ('Private Room', 'Available', 16);
INSERT INTO Beds (type, status, department_code) VALUES ('Semi-Private Room', 'Available', 36);
INSERT INTO Beds (type, status, department_code) VALUES ('Isolation Room', 'Available', 96);
INSERT INTO Beds (type, status, department_code) VALUES ('Intensive Care Unit', 'Available', 35);
INSERT INTO Beds (type, status, department_code) VALUES ('Ward Room', 'Available', 10);
INSERT INTO Beds (type, status, department_code) VALUES ('Private Room', 'Available', 65);
INSERT INTO Beds (type, status, department_code) VALUES ('Semi-Private Room', 'Under Maintenance', 62);
INSERT INTO Beds (type, status, department_code) VALUES ('Isolation Room', 'Available', 22);
INSERT INTO Beds (type, status, department_code) VALUES ('Intensive Care Unit', 'Available', 68);
INSERT INTO Beds (type, status, department_code) VALUES ('Ward Room', 'Available', 92);
INSERT INTO Beds (type, status, department_code) VALUES ('Private Room', 'Available', 40);
INSERT INTO Beds (type, status, department_code) VALUES ('Semi-Private Room', 'Available', 1);
INSERT INTO Beds (type, status, department_code) VALUES ('Isolation Room', 'Available', 58);
INSERT INTO Beds (type, status, department_code) VALUES ('Intensive Care Unit', 'Available', 66);
INSERT INTO Beds (type, status, department_code) VALUES ('Ward Room', 'Available', 53);
INSERT INTO Beds (type, status, department_code) VALUES ('Private Room', 'Available', 16);
INSERT INTO Beds (type, status, department_code) VALUES ('Semi-Private Room', 'Available', 36);
INSERT INTO Beds (type, status, department_code) VALUES ('Isolation Room', 'Occupied', 96);
INSERT INTO Beds (type, status, department_code) VALUES ('Intensive Care Unit', 'Available', 35);
INSERT INTO Beds (type, status, department_code) VALUES ('Ward Room', 'Available', 10);
INSERT INTO Beds (type, status, department_code) VALUES ('Private Room', 'Available', 65);
INSERT INTO Beds (type, status, department_code) VALUES ('Semi-Private Room', 'Available', 62);
INSERT INTO Beds (type, status, department_code) VALUES ('Isolation Room', 'Available', 22);
INSERT INTO Beds (type, status, department_code) VALUES ('Intensive Care Unit', 'Available', 68);
INSERT INTO Beds (type, status, department_code) VALUES ('Ward Room', 'Available', 92);
INSERT INTO Beds (type, status, department_code) VALUES ('Private Room', 'Available', 40);
INSERT INTO Beds (type, status, department_code) VALUES ('Semi-Private Room', 'Available', 1);
INSERT INTO Beds (type, status, department_code) VALUES ('Isolation Room', 'Available', 58);
INSERT INTO Beds (type, status, department_code) VALUES ('Intensive Care Unit', 'Available', 66);
INSERT INTO Beds (type, status, department_code) VALUES ('Ward Room', 'Available', 53);
INSERT INTO Beds (type, status, department_code) VALUES ('Private Room', 'Available', 16);
INSERT INTO Beds (type, status, department_code) VALUES ('Semi-Private Room', 'Available', 36);
INSERT INTO Beds (type, status, department_code) VALUES ('Isolation Room', 'Available', 96);
INSERT INTO Beds (type, status, department_code) VALUES ('Intensive Care Unit', 'Available', 35);
INSERT INTO Beds (type, status, department_code) VALUES ('Ward Room', 'Available', 10);
INSERT INTO Beds (type, status, department_code) VALUES ('Private Room', 'Available', 65);
INSERT INTO Beds (type, status, department_code) VALUES ('Semi-Private Room', 'Available', 62);
INSERT INTO Beds (type, status, department_code) VALUES ('Isolation Room', 'Available', 22);
INSERT INTO Beds (type, status, department_code) VALUES ('Intensive Care Unit', 'Available', 68);
INSERT INTO Beds (type, status, department_code) VALUES ('Ward Room', 'Available', 92);
INSERT INTO Beds (type, status, department_code) VALUES ('Private Room', 'Available', 40);
INSERT INTO Beds (type, status, department_code) VALUES ('Semi-Private Room', 'Available', 1);
INSERT INTO Beds (type, status, department_code) VALUES ('Isolation Room', 'Available', 58);
INSERT INTO Beds (type, status, department_code) VALUES ('Intensive Care Unit', 'Available', 66);
INSERT INTO Beds (type, status, department_code) VALUES ('Ward Room', 'Available', 53);
INSERT INTO Beds (type, status, department_code) VALUES ('Private Room', 'Available', 16);
INSERT INTO Beds (type, status, department_code) VALUES ('Semi-Private Room', 'Available', 36);
INSERT INTO Beds (type, status, department_code) VALUES ('Isolation Room', 'Available', 96);
INSERT INTO Beds (type, status, department_code) VALUES ('Intensive Care Unit', 'Available', 35);
INSERT INTO Beds (type, status, department_code) VALUES ('Ward Room', 'Available', 10);
INSERT INTO Beds (type, status, department_code) VALUES ('Private Room', 'Under Maintenance', 65);
INSERT INTO Beds (type, status, department_code) VALUES ('Semi-Private Room', 'Available', 62);
INSERT INTO Beds (type, status, department_code) VALUES ('Isolation Room', 'Available', 22);
INSERT INTO Beds (type, status, department_code) VALUES ('Intensive Care Unit', 'Available', 68);
INSERT INTO Beds (type, status, department_code) VALUES ('Ward Room', 'Available', 92);
INSERT INTO Beds (type, status, department_code) VALUES ('Private Room', 'Available', 40);
INSERT INTO Beds (type, status, department_code) VALUES ('Semi-Private Room', 'Available', 1);
INSERT INTO Beds (type, status, department_code) VALUES ('Isolation Room', 'Available', 58);
INSERT INTO Beds (type, status, department_code) VALUES ('Intensive Care Unit', 'Available', 66);
INSERT INTO Beds (type, status, department_code) VALUES ('Ward Room', 'Available', 53);
INSERT INTO Beds (type, status, department_code) VALUES ('Private Room', 'Available', 16);
INSERT INTO Beds (type, status, department_code) VALUES ('Semi-Private Room', 'Available', 36);
INSERT INTO Beds (type, status, department_code) VALUES ('Isolation Room', 'Available', 96);
INSERT INTO Beds (type, status, department_code) VALUES ('Intensive Care Unit', 'Available', 35);
INSERT INTO Beds (type, status, department_code) VALUES ('Ward Room', 'Available', 10);
INSERT INTO Beds (type, status, department_code) VALUES ('Private Room', 'Occupied', 65);
INSERT INTO Beds (type, status, department_code) VALUES ('Semi-Private Room', 'Available', 62);
INSERT INTO Beds (type, status, department_code) VALUES ('Isolation Room', 'Available', 22);
INSERT INTO Beds (type, status, department_code) VALUES ('Intensive Care Unit', 'Available', 68);
INSERT INTO Beds (type, status, department_code) VALUES ('Ward Room', 'Occupied', 92);
INSERT INTO Beds (type, status, department_code) VALUES ('Private Room', 'Available', 40);
INSERT INTO Beds (type, status, department_code) VALUES ('Semi-Private Room', 'Available', 1);
INSERT INTO Beds (type, status, department_code) VALUES ('Isolation Room', 'Available', 58);
INSERT INTO Beds (type, status, department_code) VALUES ('Intensive Care Unit', 'Available', 66);
INSERT INTO Beds (type, status, department_code) VALUES ('Ward Room', 'Available', 53);
INSERT INTO Beds (type, status, department_code) VALUES ('Private Room', 'Available', 16);
INSERT INTO Beds (type, status, department_code) VALUES ('Semi-Private Room', 'Available', 36);
INSERT INTO Beds (type, status, department_code) VALUES ('Isolation Room', 'Available', 96);
INSERT INTO Beds (type, status, department_code) VALUES ('Intensive Care Unit', 'Under Maintenance', 35);
INSERT INTO Beds (type, status, department_code) VALUES ('Ward Room', 'Available', 10);
INSERT INTO Beds (type, status, department_code) VALUES ('Private Room', 'Available', 65);
INSERT INTO Beds (type, status, department_code) VALUES ('Semi-Private Room', 'Available', 62);
INSERT INTO Beds (type, status, department_code) VALUES ('Isolation Room', 'Available', 22);
INSERT INTO Beds (type, status, department_code) VALUES ('Intensive Care Unit', 'Available', 68);
INSERT INTO Beds (type, status, department_code) VALUES ('Ward Room', 'Available', 92);
INSERT INTO Beds (type, status, department_code) VALUES ('Private Room', 'Available', 40);
INSERT INTO Beds (type, status, department_code) VALUES ('Semi-Private Room', 'Available', 1);
INSERT INTO Beds (type, status, department_code) VALUES ('Isolation Room', 'Available', 58);
INSERT INTO Beds (type, status, department_code) VALUES ('Intensive Care Unit', 'Available', 66);
INSERT INTO Beds (type, status, department_code) VALUES ('Ward Room', 'Available', 53);
INSERT INTO Beds (type, status, department_code) VALUES ('Private Room', 'Available', 16);
INSERT INTO Beds (type, status, department_code) VALUES ('Semi-Private Room', 'Available', 36);
INSERT INTO Beds (type, status, department_code) VALUES ('Isolation Room', 'Available', 96);
INSERT INTO Beds (type, status, department_code) VALUES ('Intensive Care Unit', 'Available', 35);
INSERT INTO Beds (type, status, department_code) VALUES ('Ward Room', 'Available', 10);
INSERT INTO Beds (type, status, department_code) VALUES ('Private Room', 'Available', 65);
INSERT INTO Beds (type, status, department_code) VALUES ('Semi-Private Room', 'Available', 62);
INSERT INTO Beds (type, status, department_code) VALUES ('Isolation Room', 'Available', 22);
INSERT INTO Beds (type, status, department_code) VALUES ('Intensive Care Unit', 'Available', 68);
INSERT INTO Beds (type, status, department_code) VALUES ('Ward Room', 'Available', 92);
INSERT INTO Beds (type, status, department_code) VALUES ('Private Room', 'Available', 40);
INSERT INTO Beds (type, status, department_code) VALUES ('Semi-Private Room', 'Available', 1);
INSERT INTO Beds (type, status, department_code) VALUES ('Isolation Room', 'Available', 58);
INSERT INTO Beds (type, status, department_code) VALUES ('Intensive Care Unit', 'Available', 66);
INSERT INTO Beds (type, status, department_code) VALUES ('Ward Room', 'Available', 53);
INSERT INTO Beds (type, status, department_code) VALUES ('Private Room', 'Available', 16);
INSERT INTO Beds (type, status, department_code) VALUES ('Semi-Private Room', 'Available', 36);
INSERT INTO Beds (type, status, department_code) VALUES ('Isolation Room', 'Available', 96);
INSERT INTO Beds (type, status, department_code) VALUES ('Intensive Care Unit', 'Available', 35);
INSERT INTO Beds (type, status, department_code) VALUES ('Ward Room', 'Available', 10);
INSERT INTO Beds (type, status, department_code) VALUES ('Private Room', 'Available', 65);
INSERT INTO Beds (type, status, department_code) VALUES ('Semi-Private Room', 'Available', 62);
INSERT INTO Beds (type, status, department_code) VALUES ('Isolation Room', 'Available', 22);
INSERT INTO Beds (type, status, department_code) VALUES ('Intensive Care Unit', 'Available', 68);
INSERT INTO Beds (type, status, department_code) VALUES ('Ward Room', 'Available', 92);
INSERT INTO Beds (type, status, department_code) VALUES ('Private Room', 'Available', 40);
INSERT INTO Beds (type, status, department_code) VALUES ('Semi-Private Room', 'Available', 1);
INSERT INTO Beds (type, status, department_code) VALUES ('Isolation Room', 'Available', 58);
INSERT INTO Beds (type, status, department_code) VALUES ('Intensive Care Unit', 'Available', 66);
INSERT INTO Beds (type, status, department_code) VALUES ('Ward Room', 'Available', 53);
INSERT INTO Beds (type, status, department_code) VALUES ('Private Room', 'Available', 16);
INSERT INTO Beds (type, status, department_code) VALUES ('Semi-Private Room', 'Available', 36);
INSERT INTO Beds (type, status, department_code) VALUES ('Isolation Room', 'Available', 96);
INSERT INTO Beds (type, status, department_code) VALUES ('Intensive Care Unit', 'Available', 35);
INSERT INTO Beds (type, status, department_code) VALUES ('Ward Room', 'Occupied', 10);
INSERT INTO Beds (type, status, department_code) VALUES ('Private Room', 'Available', 65);
INSERT INTO Beds (type, status, department_code) VALUES ('Semi-Private Room', 'Available', 62);
INSERT INTO Beds (type, status, department_code) VALUES ('Isolation Room', 'Available', 22);
INSERT INTO Beds (type, status, department_code) VALUES ('Intensive Care Unit', 'Available', 68);
INSERT INTO Beds (type, status, department_code) VALUES ('Ward Room', 'Available', 92);
INSERT INTO Beds (type, status, department_code) VALUES ('Private Room', 'Available', 40);
INSERT INTO Beds (type, status, department_code) VALUES ('Semi-Private Room', 'Available', 1);
INSERT INTO Beds (type, status, department_code) VALUES ('Isolation Room', 'Available', 58);
INSERT INTO Beds (type, status, department_code) VALUES ('Intensive Care Unit', 'Available', 66);
INSERT INTO Beds (type, status, department_code) VALUES ('Ward Room', 'Available', 53);
INSERT INTO Beds (type, status, department_code) VALUES ('Private Room', 'Available', 16);
INSERT INTO Beds (type, status, department_code) VALUES ('Semi-Private Room', 'Available', 36);
INSERT INTO Beds (type, status, department_code) VALUES ('Isolation Room', 'Available', 96);
INSERT INTO Beds (type, status, department_code) VALUES ('Intensive Care Unit', 'Available', 35);
INSERT INTO Beds (type, status, department_code) VALUES ('Ward Room', 'Available', 10);
INSERT INTO Beds (type, status, department_code) VALUES ('Private Room', 'Available', 65);
INSERT INTO Beds (type, status, department_code) VALUES ('Semi-Private Room', 'Under Maintenance', 62);
INSERT INTO Beds (type, status, department_code) VALUES ('Isolation Room', 'Available', 22);
INSERT INTO Beds (type, status, department_code) VALUES ('Intensive Care Unit', 'Available', 68);
INSERT INTO Beds (type, status, department_code) VALUES ('Ward Room', 'Available', 92);
INSERT INTO Beds (type, status, department_code) VALUES ('Private Room', 'Available', 40);
INSERT INTO Beds (type, status, department_code) VALUES ('Semi-Private Room', 'Available', 1);
INSERT INTO Beds (type, status, department_code) VALUES ('Isolation Room', 'Available', 58);
INSERT INTO Beds (type, status, department_code) VALUES ('Intensive Care Unit', 'Available', 66);
INSERT INTO Beds (type, status, department_code) VALUES ('Ward Room', 'Available', 53);
INSERT INTO Beds (type, status, department_code) VALUES ('Private Room', 'Available', 16);
INSERT INTO Beds (type, status, department_code) VALUES ('Semi-Private Room', 'Available', 36);
INSERT INTO Beds (type, status, department_code) VALUES ('Isolation Room', 'Available', 96);
INSERT INTO Beds (type, status, department_code) VALUES ('Intensive Care Unit', 'Available', 35);
INSERT INTO Beds (type, status, department_code) VALUES ('Ward Room', 'Available', 10);
INSERT INTO Beds (type, status, department_code) VALUES ('Private Room', 'Available', 65);
INSERT INTO Beds (type, status, department_code) VALUES ('Semi-Private Room', 'Available', 62);
INSERT INTO Beds (type, status, department_code) VALUES ('Isolation Room', 'Available', 22);
INSERT INTO Beds (type, status, department_code) VALUES ('Intensive Care Unit', 'Available', 68);
INSERT INTO Beds (type, status, department_code) VALUES ('Ward Room', 'Available', 92);
INSERT INTO Beds (type, status, department_code) VALUES ('Private Room', 'Available', 40);
INSERT INTO Beds (type, status, department_code) VALUES ('Semi-Private Room', 'Available', 1);
INSERT INTO Beds (type, status, department_code) VALUES ('Isolation Room', 'Available', 58);
INSERT INTO Beds (type, status, department_code) VALUES ('Intensive Care Unit', 'Available', 66);
INSERT INTO Beds (type, status, department_code) VALUES ('Ward Room', 'Available', 53);
INSERT INTO Beds (type, status, department_code) VALUES ('Private Room', 'Available', 16);
INSERT INTO Beds (type, status, department_code) VALUES ('Semi-Private Room', 'Available', 36);
INSERT INTO Beds (type, status, department_code) VALUES ('Isolation Room', 'Available', 96);
INSERT INTO Beds (type, status, department_code) VALUES ('Intensive Care Unit', 'Available', 35);
INSERT INTO Beds (type, status, department_code) VALUES ('Ward Room', 'Available', 10);
INSERT INTO Beds (type, status, department_code) VALUES ('Private Room', 'Available', 65);
INSERT INTO Beds (type, status, department_code) VALUES ('Semi-Private Room', 'Available', 62);
INSERT INTO Beds (type, status, department_code) VALUES ('Isolation Room', 'Available', 22);
INSERT INTO Beds (type, status, department_code) VALUES ('Intensive Care Unit', 'Available', 68);
INSERT INTO Beds (type, status, department_code) VALUES ('Ward Room', 'Available', 92);
INSERT INTO Beds (type, status, department_code) VALUES ('Private Room', 'Available', 40);
INSERT INTO Beds (type, status, department_code) VALUES ('Semi-Private Room', 'Available', 1);
INSERT INTO Beds (type, status, department_code) VALUES ('Isolation Room', 'Available', 58);
INSERT INTO Beds (type, status, department_code) VALUES ('Intensive Care Unit', 'Available', 66);
INSERT INTO Beds (type, status, department_code) VALUES ('Ward Room', 'Available', 53);
INSERT INTO Beds (type, status, department_code) VALUES ('Private Room', 'Available', 16);
INSERT INTO Beds (type, status, department_code) VALUES ('Semi-Private Room', 'Available', 36);
INSERT INTO Beds (type, status, department_code) VALUES ('Isolation Room', 'Available', 96);
INSERT INTO Beds (type, status, department_code) VALUES ('Intensive Care Unit', 'Available', 35);
INSERT INTO Beds (type, status, department_code) VALUES ('Ward Room', 'Available', 10);
INSERT INTO Beds (type, status, department_code) VALUES ('Private Room', 'Available', 65);
INSERT INTO Beds (type, status, department_code) VALUES ('Semi-Private Room', 'Available', 62);
INSERT INTO Beds (type, status, department_code) VALUES ('Isolation Room', 'Available', 22);
INSERT INTO Beds (type, status, department_code) VALUES ('Intensive Care Unit', 'Available', 68);
INSERT INTO Beds (type, status, department_code) VALUES ('Ward Room', 'Available', 92);
INSERT INTO Beds (type, status, department_code) VALUES ('Private Room', 'Available', 40);
INSERT INTO Beds (type, status, department_code) VALUES ('Semi-Private Room', 'Available', 1);
INSERT INTO Beds (type, status, department_code) VALUES ('Isolation Room', 'Available', 58);
INSERT INTO Beds (type, status, department_code) VALUES ('Intensive Care Unit', 'Available', 66);
INSERT INTO Beds (type, status, department_code) VALUES ('Ward Room', 'Available', 53);
INSERT INTO Beds (type, status, department_code) VALUES ('Private Room', 'Available', 16);
INSERT INTO Beds (type, status, department_code) VALUES ('Semi-Private Room', 'Available', 36);
INSERT INTO Beds (type, status, department_code) VALUES ('Isolation Room', 'Available', 96);
INSERT INTO Beds (type, status, department_code) VALUES ('Intensive Care Unit', 'Available', 35);
INSERT INTO Beds (type, status, department_code) VALUES ('Ward Room', 'Available', 10);
INSERT INTO Beds (type, status, department_code) VALUES ('Private Room', 'Available', 65);
INSERT INTO Beds (type, status, department_code) VALUES ('Semi-Private Room', 'Available', 62);
INSERT INTO Beds (type, status, department_code) VALUES ('Isolation Room', 'Available', 22);
INSERT INTO Beds (type, status, department_code) VALUES ('Intensive Care Unit', 'Available', 68);
INSERT INTO Beds (type, status, department_code) VALUES ('Ward Room', 'Available', 92);
INSERT INTO Beds (type, status, department_code) VALUES ('Private Room', 'Available', 40);
INSERT INTO Beds (type, status, department_code) VALUES ('Semi-Private Room', 'Available', 1);
INSERT INTO Beds (type, status, department_code) VALUES ('Isolation Room', 'Available', 58);
INSERT INTO Beds (type, status, department_code) VALUES ('Intensive Care Unit', 'Available', 66);
INSERT INTO Beds (type, status, department_code) VALUES ('Ward Room', 'Occupied', 53);
INSERT INTO Beds (type, status, department_code) VALUES ('Private Room', 'Available', 16);
INSERT INTO Beds (type, status, department_code) VALUES ('Semi-Private Room', 'Available', 36);
INSERT INTO Beds (type, status, department_code) VALUES ('Isolation Room', 'Available', 96);
INSERT INTO Beds (type, status, department_code) VALUES ('Intensive Care Unit', 'Available', 35);
INSERT INTO Beds (type, status, department_code) VALUES ('Ward Room', 'Available', 10);
INSERT INTO Beds (type, status, department_code) VALUES ('Private Room', 'Available', 65);
INSERT INTO Beds (type, status, department_code) VALUES ('Semi-Private Room', 'Available', 62);
INSERT INTO Beds (type, status, department_code) VALUES ('Isolation Room', 'Available', 22);
INSERT INTO Beds (type, status, department_code) VALUES ('Intensive Care Unit', 'Under Maintenance', 68);
INSERT INTO Beds (type, status, department_code) VALUES ('Ward Room', 'Available', 92);
INSERT INTO Beds (type, status, department_code) VALUES ('Private Room', 'Available', 40);
INSERT INTO Beds (type, status, department_code) VALUES ('Semi-Private Room', 'Available', 1);
INSERT INTO Beds (type, status, department_code) VALUES ('Isolation Room', 'Available', 58);
INSERT INTO Beds (type, status, department_code) VALUES ('Intensive Care Unit', 'Available', 66);
INSERT INTO Beds (type, status, department_code) VALUES ('Ward Room', 'Available', 53);
INSERT INTO Beds (type, status, department_code) VALUES ('Private Room', 'Available', 16);
INSERT INTO Beds (type, status, department_code) VALUES ('Semi-Private Room', 'Available', 36);
INSERT INTO Beds (type, status, department_code) VALUES ('Isolation Room', 'Available', 96);
INSERT INTO Beds (type, status, department_code) VALUES ('Intensive Care Unit', 'Available', 35);
INSERT INTO Beds (type, status, department_code) VALUES ('Ward Room', 'Available', 10);
INSERT INTO Beds (type, status, department_code) VALUES ('Private Room', 'Available', 65);
INSERT INTO Beds (type, status, department_code) VALUES ('Semi-Private Room', 'Available', 62);
INSERT INTO Beds (type, status, department_code) VALUES ('Isolation Room', 'Available', 22);
INSERT INTO Beds (type, status, department_code) VALUES ('Intensive Care Unit', 'Available', 68);
INSERT INTO Beds (type, status, department_code) VALUES ('Ward Room', 'Available', 92);
INSERT INTO Beds (type, status, department_code) VALUES ('Private Room', 'Available', 40);
INSERT INTO Beds (type, status, department_code) VALUES ('Semi-Private Room', 'Available', 1);
INSERT INTO Beds (type, status, department_code) VALUES ('Isolation Room', 'Available', 58);
INSERT INTO Beds (type, status, department_code) VALUES ('Intensive Care Unit', 'Available', 66);
INSERT INTO Beds (type, status, department_code) VALUES ('Ward Room', 'Available', 53);
INSERT INTO Beds (type, status, department_code) VALUES ('Private Room', 'Available', 16);
INSERT INTO Beds (type, status, department_code) VALUES ('Semi-Private Room', 'Available', 36);
INSERT INTO Beds (type, status, department_code) VALUES ('Isolation Room', 'Available', 96);
INSERT INTO Beds (type, status, department_code) VALUES ('Intensive Care Unit', 'Available', 35);
INSERT INTO Beds (type, status, department_code) VALUES ('Ward Room', 'Available', 10);
INSERT INTO Beds (type, status, department_code) VALUES ('Private Room', 'Available', 65);
INSERT INTO Beds (type, status, department_code) VALUES ('Semi-Private Room', 'Available', 62);
INSERT INTO Beds (type, status, department_code) VALUES ('Isolation Room', 'Available', 22);
INSERT INTO Beds (type, status, department_code) VALUES ('Intensive Care Unit', 'Available', 68);
INSERT INTO Beds (type, status, department_code) VALUES ('Ward Room', 'Available', 92);
INSERT INTO Beds (type, status, department_code) VALUES ('Private Room', 'Available', 40);
INSERT INTO Beds (type, status, department_code) VALUES ('Semi-Private Room', 'Occupied', 1);
INSERT INTO Beds (type, status, department_code) VALUES ('Isolation Room', 'Available', 58);
INSERT INTO Beds (type, status, department_code) VALUES ('Intensive Care Unit', 'Available', 66);
INSERT INTO Beds (type, status, department_code) VALUES ('Ward Room', 'Available', 53);
INSERT INTO Beds (type, status, department_code) VALUES ('Private Room', 'Available', 16);
INSERT INTO Beds (type, status, department_code) VALUES ('Semi-Private Room', 'Available', 36);
INSERT INTO Beds (type, status, department_code) VALUES ('Isolation Room', 'Available', 96);
INSERT INTO Beds (type, status, department_code) VALUES ('Intensive Care Unit', 'Available', 35);
INSERT INTO Beds (type, status, department_code) VALUES ('Ward Room', 'Available', 10);
INSERT INTO Beds (type, status, department_code) VALUES ('Private Room', 'Available', 65);
INSERT INTO Beds (type, status, department_code) VALUES ('Semi-Private Room', 'Available', 62);
INSERT INTO Beds (type, status, department_code) VALUES ('Isolation Room', 'Available', 22);
INSERT INTO Beds (type, status, department_code) VALUES ('Intensive Care Unit', 'Available', 68);
INSERT INTO Beds (type, status, department_code) VALUES ('Ward Room', 'Available', 92);
INSERT INTO Beds (type, status, department_code) VALUES ('Private Room', 'Available', 40);
INSERT INTO Beds (type, status, department_code) VALUES ('Semi-Private Room', 'Available', 1);
INSERT INTO Beds (type, status, department_code) VALUES ('Isolation Room', 'Available', 58);
INSERT INTO Beds (type, status, department_code) VALUES ('Intensive Care Unit', 'Available', 66);
INSERT INTO Beds (type, status, department_code) VALUES ('Ward Room', 'Available', 53);
INSERT INTO Beds (type, status, department_code) VALUES ('Private Room', 'Available', 16);
INSERT INTO Beds (type, status, department_code) VALUES ('Semi-Private Room', 'Available', 36);
INSERT INTO Beds (type, status, department_code) VALUES ('Isolation Room', 'Available', 96);
INSERT INTO Beds (type, status, department_code) VALUES ('Intensive Care Unit', 'Available', 35);
INSERT INTO Beds (type, status, department_code) VALUES ('Ward Room', 'Available', 10);
INSERT INTO Beds (type, status, department_code) VALUES ('Private Room', 'Available', 65);
INSERT INTO Beds (type, status, department_code) VALUES ('Semi-Private Room', 'Available', 62);
INSERT INTO Beds (type, status, department_code) VALUES ('Isolation Room', 'Available', 22);
INSERT INTO Beds (type, status, department_code) VALUES ('Intensive Care Unit', 'Available', 68);
INSERT INTO Beds (type, status, department_code) VALUES ('Ward Room', 'Available', 92);
INSERT INTO Beds (type, status, department_code) VALUES ('Private Room', 'Available', 40);
INSERT INTO Beds (type, status, department_code) VALUES ('Semi-Private Room', 'Available', 1);
INSERT INTO Beds (type, status, department_code) VALUES ('Isolation Room', 'Available', 58);
INSERT INTO Beds (type, status, department_code) VALUES ('Intensive Care Unit', 'Available', 66);
INSERT INTO Beds (type, status, department_code) VALUES ('Ward Room', 'Available', 53);
INSERT INTO Beds (type, status, department_code) VALUES ('Private Room', 'Available', 16);
INSERT INTO Beds (type, status, department_code) VALUES ('Semi-Private Room', 'Available', 36);
INSERT INTO Beds (type, status, department_code) VALUES ('Isolation Room', 'Available', 96);
INSERT INTO Beds (type, status, department_code) VALUES ('Intensive Care Unit', 'Available', 35);
INSERT INTO Beds (type, status, department_code) VALUES ('Ward Room', 'Available', 10);
INSERT INTO Beds (type, status, department_code) VALUES ('Private Room', 'Available', 65);
INSERT INTO Beds (type, status, department_code) VALUES ('Semi-Private Room', 'Under Maintenance', 62);
INSERT INTO Beds (type, status, department_code) VALUES ('Isolation Room', 'Available', 22);
INSERT INTO Beds (type, status, department_code) VALUES ('Intensive Care Unit', 'Available', 68);
INSERT INTO Beds (type, status, department_code) VALUES ('Ward Room', 'Available', 92);
INSERT INTO Beds (type, status, department_code) VALUES ('Private Room', 'Available', 40);
INSERT INTO Beds (type, status, department_code) VALUES ('Semi-Private Room', 'Available', 1);
INSERT INTO Beds (type, status, department_code) VALUES ('Isolation Room', 'Available', 58);
INSERT INTO Beds (type, status, department_code) VALUES ('Intensive Care Unit', 'Available', 66);
INSERT INTO Beds (type, status, department_code) VALUES ('Ward Room', 'Available', 53);
INSERT INTO Beds (type, status, department_code) VALUES ('Private Room', 'Available', 16);
INSERT INTO Beds (type, status, department_code) VALUES ('Semi-Private Room', 'Available', 36);
INSERT INTO Beds (type, status, department_code) VALUES ('Isolation Room', 'Available', 96);
INSERT INTO Beds (type, status, department_code) VALUES ('Intensive Care Unit', 'Available', 35);
INSERT INTO Beds (type, status, department_code) VALUES ('Ward Room', 'Available', 10);
INSERT INTO Beds (type, status, department_code) VALUES ('Private Room', 'Available', 65);
INSERT INTO Beds (type, status, department_code) VALUES ('Semi-Private Room', 'Available', 62);
INSERT INTO Beds (type, status, department_code) VALUES ('Isolation Room', 'Under Maintenance', 22);
INSERT INTO Beds (type, status, department_code) VALUES ('Intensive Care Unit', 'Available', 68);
INSERT INTO Beds (type, status, department_code) VALUES ('Ward Room', 'Available', 92);
INSERT INTO Beds (type, status, department_code) VALUES ('Private Room', 'Available', 40);
INSERT INTO Beds (type, status, department_code) VALUES ('Semi-Private Room', 'Available', 1);
INSERT INTO Beds (type, status, department_code) VALUES ('Isolation Room', 'Available', 58);
INSERT INTO Beds (type, status, department_code) VALUES ('Intensive Care Unit', 'Available', 66);
INSERT INTO Beds (type, status, department_code) VALUES ('Ward Room', 'Available', 53);
INSERT INTO Beds (type, status, department_code) VALUES ('Private Room', 'Available', 16);
INSERT INTO Beds (type, status, department_code) VALUES ('Semi-Private Room', 'Under Maintenance', 36);
INSERT INTO Beds (type, status, department_code) VALUES ('Isolation Room', 'Under Maintenance', 96);
INSERT INTO Beds (type, status, department_code) VALUES ('Intensive Care Unit', 'Available', 35);
INSERT INTO Beds (type, status, department_code) VALUES ('Ward Room', 'Available', 10);
INSERT INTO Beds (type, status, department_code) VALUES ('Private Room', 'Available', 65);
INSERT INTO Beds (type, status, department_code) VALUES ('Semi-Private Room', 'Available', 62);
INSERT INTO Beds (type, status, department_code) VALUES ('Isolation Room', 'Available', 22);
INSERT INTO Beds (type, status, department_code) VALUES ('Intensive Care Unit', 'Available', 68);
INSERT INTO Beds (type, status, department_code) VALUES ('Ward Room', 'Occupied', 92);
INSERT INTO Beds (type, status, department_code) VALUES ('Private Room', 'Available', 40);
INSERT INTO Beds (type, status, department_code) VALUES ('Semi-Private Room', 'Available', 1);
INSERT INTO Beds (type, status, department_code) VALUES ('Isolation Room', 'Available', 58);
INSERT INTO Beds (type, status, department_code) VALUES ('Intensive Care Unit', 'Available', 66);
INSERT INTO Beds (type, status, department_code) VALUES ('Ward Room', 'Available', 53);
INSERT INTO Beds (type, status, department_code) VALUES ('Private Room', 'Available', 16);
INSERT INTO Beds (type, status, department_code) VALUES ('Semi-Private Room', 'Available', 36);
INSERT INTO Beds (type, status, department_code) VALUES ('Isolation Room', 'Available', 96);
INSERT INTO Beds (type, status, department_code) VALUES ('Intensive Care Unit', 'Available', 35);
INSERT INTO Beds (type, status, department_code) VALUES ('Ward Room', 'Available', 10);
INSERT INTO Beds (type, status, department_code) VALUES ('Private Room', 'Available', 65);
INSERT INTO Beds (type, status, department_code) VALUES ('Semi-Private Room', 'Available', 62);
INSERT INTO Beds (type, status, department_code) VALUES ('Isolation Room', 'Available', 22);
INSERT INTO Beds (type, status, department_code) VALUES ('Intensive Care Unit', 'Available', 68);
INSERT INTO Beds (type, status, department_code) VALUES ('Ward Room', 'Available', 92);
INSERT INTO Beds (type, status, department_code) VALUES ('Private Room', 'Available', 40);
INSERT INTO Beds (type, status, department_code) VALUES ('Semi-Private Room', 'Available', 1);
INSERT INTO Beds (type, status, department_code) VALUES ('Isolation Room', 'Available', 58);
INSERT INTO Beds (type, status, department_code) VALUES ('Intensive Care Unit', 'Available', 66);
INSERT INTO Beds (type, status, department_code) VALUES ('Ward Room', 'Available', 53);
INSERT INTO Beds (type, status, department_code) VALUES ('Private Room', 'Available', 16);
INSERT INTO Beds (type, status, department_code) VALUES ('Semi-Private Room', 'Available', 36);
INSERT INTO Beds (type, status, department_code) VALUES ('Isolation Room', 'Available', 96);
INSERT INTO Beds (type, status, department_code) VALUES ('Intensive Care Unit', 'Under Maintenance', 35);
INSERT INTO Beds (type, status, department_code) VALUES ('Ward Room', 'Available', 10);
INSERT INTO Beds (type, status, department_code) VALUES ('Private Room', 'Available', 65);
INSERT INTO Beds (type, status, department_code) VALUES ('Semi-Private Room', 'Occupied', 62);
INSERT INTO Beds (type, status, department_code) VALUES ('Isolation Room', 'Available', 22);
INSERT INTO Beds (type, status, department_code) VALUES ('Intensive Care Unit', 'Occupied', 68);
INSERT INTO Beds (type, status, department_code) VALUES ('Ward Room', 'Available', 92);
INSERT INTO Beds (type, status, department_code) VALUES ('Private Room', 'Available', 40);
INSERT INTO Beds (type, status, department_code) VALUES ('Semi-Private Room', 'Available', 1);
INSERT INTO Beds (type, status, department_code) VALUES ('Isolation Room', 'Available', 58);
INSERT INTO Beds (type, status, department_code) VALUES ('Intensive Care Unit', 'Available', 66);
INSERT INTO Beds (type, status, department_code) VALUES ('Ward Room', 'Available', 53);
INSERT INTO Beds (type, status, department_code) VALUES ('Private Room', 'Available', 16);
INSERT INTO Beds (type, status, department_code) VALUES ('Semi-Private Room', 'Available', 36);
INSERT INTO Beds (type, status, department_code) VALUES ('Isolation Room', 'Available', 96);
INSERT INTO Beds (type, status, department_code) VALUES ('Intensive Care Unit', 'Available', 35);
INSERT INTO Beds (type, status, department_code) VALUES ('Ward Room', 'Available', 10);
INSERT INTO Beds (type, status, department_code) VALUES ('Private Room', 'Available', 65);
INSERT INTO Beds (type, status, department_code) VALUES ('Semi-Private Room', 'Available', 62);
INSERT INTO Beds (type, status, department_code) VALUES ('Isolation Room', 'Available', 22);
INSERT INTO Beds (type, status, department_code) VALUES ('Intensive Care Unit', 'Available', 68);
INSERT INTO Beds (type, status, department_code) VALUES ('Ward Room', 'Available', 92);
INSERT INTO Beds (type, status, department_code) VALUES ('Private Room', 'Available', 40);
INSERT INTO Beds (type, status, department_code) VALUES ('Semi-Private Room', 'Available', 1);
INSERT INTO Beds (type, status, department_code) VALUES ('Isolation Room', 'Available', 58);
INSERT INTO Beds (type, status, department_code) VALUES ('Intensive Care Unit', 'Available', 66);
INSERT INTO Beds (type, status, department_code) VALUES ('Ward Room', 'Available', 53);
INSERT INTO Beds (type, status, department_code) VALUES ('Private Room', 'Available', 16);
INSERT INTO Beds (type, status, department_code) VALUES ('Semi-Private Room', 'Available', 36);
INSERT INTO Beds (type, status, department_code) VALUES ('Isolation Room', 'Available', 96);
INSERT INTO Beds (type, status, department_code) VALUES ('Intensive Care Unit', 'Available', 35);
INSERT INTO Beds (type, status, department_code) VALUES ('Ward Room', 'Available', 10);
INSERT INTO Beds (type, status, department_code) VALUES ('Private Room', 'Available', 65);
INSERT INTO Beds (type, status, department_code) VALUES ('Semi-Private Room', 'Available', 62);
INSERT INTO Beds (type, status, department_code) VALUES ('Isolation Room', 'Available', 22);
